date,CA,MX,W00,CN
1960-01-01,-257.5,,-249.9,
1960-02-01,424.2,48.4,817.3,
1960-03-01,102.3,39.6,482.9,
1960-04-01,127.0,37.6,414.2,
1960-05-01,102.3,35.9,430.0,
1960-06-01,105.2,43.3,537.9,
1960-07-01,63.9,48.1,104.0,
1960-08-01,30.3,13.5,431.0,
1960-09-01,64.8,24.7,565.8,
1960-10-01,77.8,38.0,416.9,
1960-11-01,101.7,38.5,527.3,
1960-12-01,94.9,33.5,875.2,
1961-01-01,-215.0,,136.9,
1961-02-01,414.0,39.8,911.1,
1961-03-01,116.0,26.5,644.6,
1961-04-01,94.9,14.0,649.3,
1961-05-01,124.6,17.5,675.4,
1961-06-01,98.4,30.0,537.2,
1961-07-01,53.0,15.9,366.7,
1961-08-01,73.6,29.8,467.1,
1961-09-01,39.5,36.4,406.7,
1961-10-01,90.0,44.2,507.0,
1961-11-01,94.3,28.5,507.6,
1961-12-01,75.9,13.3,475.6,
1962-01-01,-271.3,,89.6,
1962-02-01,435.3,16.6,1005.1,
1962-03-01,128.7,17.1,611.5,
1962-04-01,99.2,-3.7,460.6,
1962-05-01,140.2,20.6,641.1,
1962-06-01,66.4,44.9,548.2,
1962-07-01,79.5,28.1,541.6,
1962-08-01,46.7,17.5,393.3,
1962-09-01,37.5,26.7,375.0,
1962-10-01,44.3,28.4,282.6,
1962-11-01,66.7,7.6,436.3,
1962-12-01,43.6,25.4,700.2,
1963-01-01,80.8,,408.3,
1963-02-01,71.9,,287.6,
1963-03-01,81.5,,480.6,
1963-04-01,95.6,12.0,673.8,
1963-05-01,80.2,25.1,677.7,
1963-06-01,83.5,38.8,677.9,
1963-07-01,50.6,26.9,559.4,
1963-08-01,55.6,26.7,474.6,
1963-09-01,39.9,21.8,478.6,
1963-10-01,107.1,29.8,558.9,
1963-11-01,79.9,13.0,575.4,
1963-12-01,65.8,15.6,743.3,
1964-01-01,132.2,,637.2,
1964-02-01,86.5,,509.8,
1964-03-01,109.3,,516.9,
1964-04-01,158.9,28.5,774.7,
1964-05-01,112.4,38.4,703.4,
1964-06-01,116.4,48.2,666.1,
1964-07-01,80.5,42.3,682.1,
1964-08-01,24.6,48.1,469.0,
1964-09-01,60.1,53.0,445.3,
1964-10-01,94.3,36.3,609.3,
1964-11-01,72.8,44.4,605.7,
1964-12-01,93.4,42.1,704.4,
1965-01-01,105.3,23.3,772.7,
1965-02-01,102.7,34.1,371.5,
1965-03-01,170.3,35.0,499.9,
1965-04-01,119.3,22.0,707.5,
1965-05-01,125.7,28.8,879.5,
1965-06-01,148.6,36.4,687.8,
1965-07-01,100.2,50.8,592.4,
1965-08-01,51.9,51.9,523.4,
1965-09-01,115.2,38.8,549.9,
1965-10-01,147.6,27.3,506.5,
1965-11-01,159.3,27.7,699.4,
1965-12-01,134.4,22.1,668.5,
1966-01-01,149.1,15.2,772.5,
1966-02-01,94.5,17.3,601.0,
1966-03-01,153.9,30.5,1263.8,
1966-04-01,146.4,21.2,602.9,
1966-05-01,187.3,26.9,739.6,
1966-06-01,157.0,45.9,937.1,
1966-07-01,71.7,40.9,397.1,
1966-08-01,79.3,37.9,547.8,
1966-09-01,106.8,37.4,848.8,
1966-10-01,156.5,36.5,504.2,
1966-11-01,107.1,38.6,427.7,
1966-12-01,139.0,28.0,1338.3,
1967-01-01,162.0,32.7,708.5,
1967-02-01,85.1,29.5,554.6,
1967-03-01,143.6,34.9,799.6,
1967-04-01,152.4,35.6,612.0,
1967-05-01,187.6,35.4,854.2,
1967-06-01,137.8,56.1,897.6,
1967-07-01,101.3,42.1,596.0,
1967-08-01,54.5,55.0,521.1,
1967-09-01,122.6,35.2,675.1,
1967-10-01,56.7,42.6,324.2,
1967-11-01,68.3,34.4,398.9,
1967-12-01,25.6,47.7,431.0,
1968-01-01,93.7,25.4,530.8,
1968-02-01,134.3,33.0,491.3,
1968-03-01,34.1,51.6,340.3,
1968-04-01,44.4,45.7,326.2,
1968-05-01,129.9,43.3,529.2,
1968-06-01,40.7,63.5,430.2,
1968-07-01,-17.1,53.5,164.6,
1968-08-01,-48.7,34.3,134.9,
1968-09-01,98.0,46.0,329.0,
1968-10-01,120.3,39.4,287.2,
1968-11-01,50.9,46.7,235.5,
1968-12-01,2.6,44.8,90.9,
1969-01-01,126.7,37.6,769.6,
1969-02-01,60.0,30.5,127.3,
1969-03-01,23.9,39.8,-22.5,
1969-04-01,112.6,24.3,377.5,
1969-05-01,113.1,30.2,520.5,
1969-06-01,69.1,56.9,445.0,
1969-07-01,106.8,45.8,339.6,
1969-08-01,-106.8,51.4,274.9,
1969-09-01,-35.0,27.0,266.3,
1969-10-01,16.1,47.0,432.9,
1969-11-01,0.1,40.6,427.3,
1969-12-01,141.4,59.6,681.4,
1970-01-01,-24.9,32.6,705.9,
1970-02-01,33.7,47.8,508.0,
1970-03-01,82.4,43.8,511.6,
1970-04-01,53.6,51.0,795.6,
1970-05-01,42.0,55.5,568.2,
1970-06-01,27.2,74.1,659.8,
1970-07-01,15.4,73.1,372.8,
1970-08-01,-8.4,66.3,500.8,
1970-09-01,9.1,69.4,390.2,
1970-10-01,-69.9,72.4,436.4,
1970-11-01,-73.8,71.5,379.3,
1970-12-01,-113.2,71.3,280.4,
1971-01-01,-37.0,51.1,590.5,
1971-02-01,-33.4,44.9,630.9,
1971-03-01,40.8,50.0,643.9,
1971-04-01,-10.4,79.1,313.2,
1971-05-01,9.5,49.5,211.7,
1971-06-01,-19.2,25.2,29.4,
1971-07-01,22.0,46.2,-385.1,
1971-08-01,-73.5,38.4,-590.7,
1971-09-01,-15.3,48.1,57.0,
1971-10-01,40.7,41.4,311.5,
1971-11-01,-26.8,39.9,-29.0,
1971-12-01,-21.6,54.2,-417.9,
1972-01-01,33.8,,41.2,
1972-02-01,-58.6,,120.5,
1972-03-01,6.7,,291.3,
1972-04-01,46.8,,-51.8,
1972-05-01,69.3,,-248.8,
1972-06-01,9.1,,-381.5,
1972-07-01,71.4,,-502.3,
1972-08-01,56.5,,-100.9,
1972-09-01,-18.4,,-424.1,
1972-10-01,70.0,,-378.8,
1972-11-01,-23.6,,-275.7,
1972-12-01,36.8,,-203.5,
1973-01-01,-14.9,85.1,386.0,
1973-02-01,-8.9,16.3,254.9,
1973-03-01,83.7,65.7,477.4,
1973-04-01,32.8,,244.3,
1973-05-01,196.4,,840.5,
1973-06-01,22.8,,503.1,
1973-07-01,35.8,58.5,161.9,
1973-08-01,163.9,208.8,838.9,
1973-09-01,86.9,,165.6,
1973-10-01,150.9,,593.9,
1973-11-01,90.0,,720.9,
1973-12-01,205.2,,1010.5,
1974-01-01,168.5,154.7,1584.2,
1974-02-01,180.8,89.8,1144.9,
1974-03-01,213.8,144.9,1348.3,
1974-04-01,98.9,108.6,1256.6,
1974-05-01,230.8,216.5,1675.6,
1974-06-01,189.9,152.4,1404.3,
1974-07-01,181.2,195.4,1108.7,
1974-08-01,67.9,200.4,1199.2,
1974-09-01,75.4,178.5,1097.0,
1974-10-01,252.6,207.2,1447.8,
1974-11-01,233.4,242.7,1560.2,
1974-12-01,204.1,226.6,1670.9,
1975-01-01,249.1,143.8,2456.8,
1975-02-01,215.1,256.2,2555.5,
1975-03-01,384.4,169.2,2892.9,
1975-04-01,454.5,198.5,3190.2,
1975-05-01,400.5,158.5,2384.5,
1975-06-01,579.3,204.8,2269.6,
1975-07-01,296.7,239.4,2142.3,
1975-08-01,269.0,164.1,1637.8,
1975-09-01,356.0,137.2,1843.3,
1975-10-01,391.3,257.7,1903.9,
1975-11-01,392.7,255.1,1887.8,
1975-12-01,222.6,261.1,1661.1,
1976-01-01,207.8,169.4,1682.6,
1976-02-01,328.1,129.6,1079.9,
1976-03-01,362.0,186.7,2063.0,
1976-04-01,198.7,158.0,1122.9,
1976-05-01,311.2,146.8,1294.8,
1976-06-01,231.4,198.8,964.7,
1976-07-01,163.9,219.9,715.2,
1976-08-01,42.8,211.0,778.7,
1976-09-01,157.4,117.5,650.3,
1976-10-01,163.7,135.3,605.7,
1976-11-01,429.2,84.6,1390.3,
1976-12-01,121.4,141.4,1229.1,
1977-01-01,97.6,28.0,929.1,
1977-02-01,211.2,46.2,427.7,
1977-03-01,152.1,15.9,295.0,
1977-04-01,240.6,34.5,136.1,
1977-05-01,348.3,68.9,326.7,
1977-06-01,309.9,39.0,381.1,
1977-07-01,67.8,110.0,-807.7,
1977-08-01,87.1,182.4,-436.4,
1977-09-01,30.1,110.8,-1148.7,
1977-10-01,71.2,158.7,-478.2,
1977-11-01,140.8,132.8,-941.2,
1977-12-01,-221.4,139.5,-1759.7,
1978-01-01,-196.5,-30.0,-261.7,
1978-02-01,56.9,14.6,-542.3,
1978-03-01,-118.8,26.8,-838.7,
1978-04-01,275.9,,-653.3,
1978-05-01,154.9,,-149.0,
1978-06-01,305.9,,-265.1,
1978-07-01,156.8,123.8,-543.6,
1978-08-01,98.6,144.7,231.8,
1978-09-01,-26.5,112.4,-1023.4,
1978-10-01,334.9,227.5,-204.8,
1978-11-01,234.4,87.0,257.1,
1978-12-01,83.8,185.1,-265.3,
1979-01-01,262.7,,1380.1,
1979-02-01,306.8,,1078.8,
1979-03-01,496.3,,1240.7,
1979-04-01,448.2,,1033.4,
1979-05-01,500.4,,1247.4,
1979-06-01,497.1,,586.1,
1979-07-01,470.5,,641.6,
1979-08-01,515.7,,1713.6,
1979-09-01,170.2,,291.1,
1979-10-01,677.0,,2223.6,
1979-11-01,543.5,,2189.2,
1979-12-01,-78.2,,394.8,
1980-01-01,36.4,-33.4,2619.4,
1980-02-01,-77.6,-66.6,2072.3,
1980-03-01,365.9,-1.0,3109.4,
1980-04-01,944.5,91.2,3945.3,
1980-05-01,625.6,292.4,4231.0,
1980-06-01,669.1,79.2,3655.2,
1980-07-01,494.3,365.5,3716.5,
1980-08-01,303.1,369.7,3468.4,
1980-09-01,1.5,242.5,2821.3,
1980-10-01,603.3,472.7,3421.5,
1980-11-01,212.6,-159.7,1900.5,
1980-12-01,74.5,254.6,2155.5,
1981-01-01,-9.4,292.3,173.0,405.7
1981-02-01,336.5,418.5,1189.3,305.4
1981-03-01,578.4,245.1,2612.4,391.6
1981-04-01,439.3,284.1,708.5,426.5
1981-05-01,537.3,380.4,916.1,216.9
1981-06-01,394.4,693.6,-133.2,278.9
1981-07-01,469.7,936.3,305.1,150.1
1981-08-01,15.4,346.2,-1437.6,177.3
1981-09-01,370.5,222.9,-1207.3,197.4
1981-10-01,251.1,558.2,153.7,166.1
1981-11-01,-88.0,531.2,94.7,220.3
1981-12-01,-2.6,-199.5,253.0,241.2
1982-01-01,-439.7,251.2,269.0,171.9
1982-02-01,-261.0,335.1,1533.7,224.0
1982-03-01,-136.7,396.9,2589.5,289.9
1982-04-01,-96.7,218.5,2686.0,277.7
1982-05-01,-114.0,-170.0,1281.7,202.9
1982-06-01,-313.3,-67.3,751.9,261.7
1982-07-01,-216.4,-223.1,-829.5,309.2
1982-08-01,-337.0,-377.3,-513.8,124.8
1982-09-01,-605.1,-579.0,-1519.7,205.5
1982-10-01,-453.5,-561.8,-2701.9,174.3
1982-11-01,-468.8,-344.8,-1244.6,107.8
1982-12-01,-715.0,-1000.6,-2442.4,190.3
1983-01-01,-681.1,-862.0,-701.7,173.1
1983-02-01,-572.4,-641.6,-658.7,151.7
1983-03-01,-542.3,-594.2,-981.1,128.6
1983-04-01,-260.8,-637.0,-1196.2,125.4
1983-05-01,-228.6,-563.6,-2537.0,14.3
1983-06-01,-404.2,-531.3,-3002.5,155.9
1983-07-01,-279.7,-526.7,-3851.4,-18.7
1983-08-01,-109.7,-659.6,-4558.1,-23.8
1983-09-01,-280.0,-438.5,-5188.9,32.5
1983-10-01,-391.6,-584.5,-6115.7,-13.2
1983-11-01,-620.5,-782.3,-5542.7,98.2
1983-12-01,-849.5,-758.2,-4816.0,216.1
1984-01-01,-910.4,-890.8,-5324.6,81.5
1984-02-01,-719.2,-754.4,-5964.8,122.8
1984-03-01,-518.0,-971.3,-6630.0,181.5
1984-04-01,-377.0,-704.2,-6969.7,44.4
1984-05-01,-440.4,-637.2,-6308.1,49.7
1984-06-01,-655.4,-616.2,-7238.3,3.2
1984-07-01,-501.5,-524.2,-8321.3,25.1
1984-08-01,-300.1,-295.3,-6231.6,79.5
1984-09-01,-814.4,-318.5,-7458.4,170.2
1984-10-01,-632.0,-558.2,-7637.5,155.9
1984-11-01,-1198.3,-404.0,-7997.1,276.1
1984-12-01,-905.5,-371.9,-7041.4,334.7
1985-01-01,-716.0,-82.1,-4373.9,184.4
1985-02-01,-576.3,-372.2,-4818.8,336.6
1985-03-01,-927.8,-427.6,-4765.8,145.2
1985-04-01,-611.7,-349.0,-7158.3,170.5
1985-05-01,-764.9,-316.1,-8122.6,202.6
1985-06-01,-680.7,-108.5,-7582.9,336.2
1985-07-01,109.1,-222.9,-8572.9,124.6
1985-08-01,-430.4,-258.9,-7291.6,201.1
1985-09-01,-1030.8,-345.0,-9968.7,249.7
1985-10-01,-1002.0,-264.7,-10389.1,270.8
1985-11-01,-583.2,-371.1,-9898.3,341.6
1985-12-01,-990.1,-373.5,-10997.5,299.2
1986-01-01,-773.5,-141.1,-8214.8,62.2
1986-02-01,-97.2,-29.0,-7252.1,355.5
1986-03-01,-613.8,-169.4,-7697.8,234.0
1986-04-01,-359.7,-66.3,-8552.6,197.4
1986-05-01,-343.6,-353.2,-9058.6,209.4
1986-06-01,-360.1,-61.1,-9555.7,254.4
1986-07-01,357.0,20.8,-9687.8,265.9
1986-08-01,-331.2,-175.4,-9631.7,71.8
1986-09-01,-935.6,-246.9,-11087.5,87.8
1986-10-01,-708.6,-241.0,-10900.7,50.0
1986-11-01,-609.6,-301.5,-10562.4,84.2
1986-12-01,-703.6,-328.9,-10367.5,212.9
1987-01-01,-521.2,-129.0,-7991.7,17.1
1987-02-01,-618.9,-552.3,-9816.4,81.1
1987-03-01,-361.9,-327.2,-9251.2,94.9
1987-04-01,-443.5,-349.9,-10978.9,76.0
1987-05-01,-248.9,-412.3,-10459.6,12.5
1987-06-01,14.4,-429.4,-10616.7,97.7
1987-07-01,-107.7,-319.2,-12339.3,85.3
1987-08-01,-471.4,-325.3,-10609.6,97.3
1987-09-01,-1181.9,-301.6,-12941.5,132.5
1987-10-01,-539.4,-439.7,-12859.1,172.5
1987-11-01,-500.7,-285.5,-10319.6,181.2
1987-12-01,-207.9,-316.9,-10746.5,757.1
1988-01-01,630.9,-159.3,-6740.3,37.6
1988-02-01,-798.7,-193.4,-8241.3,142.6
1988-03-01,-523.4,17.7,-5226.8,174.5
1988-04-01,-684.4,-2.2,-7255.4,205.6
1988-05-01,-331.8,109.2,-6805.3,269.1
1988-06-01,-721.3,-105.7,-8240.6,286.0
1988-07-01,-546.4,169.8,-9302.0,260.1
1988-08-01,-219.1,117.7,-6986.4,254.5
1988-09-01,-612.8,233.8,-8730.1,352.0
1988-10-01,-712.4,279.4,-9403.4,235.2
1988-11-01,-610.3,186.2,-8159.4,450.9
1988-12-01,-1690.6,239.9,-11110.3,566.2
1989-01-01,-602.7,89.5,-5266.4,68.2
1989-02-01,-166.8,139.2,-5942.8,170.0
1989-03-01,113.5,141.8,-5244.7,362.1
1989-04-01,73.0,0.5,-6292.2,508.8
1989-05-01,189.8,-72.8,-4934.1,239.1
1989-06-01,-267.1,143.2,-6975.3,354.2
1989-07-01,-630.6,114.5,-9062.1,249.7
1989-08-01,-16.8,48.3,-7458.6,63.1
1989-09-01,-362.7,46.0,-9392.0,279.3
1989-10-01,-246.2,155.3,-7044.0,149.3
1989-11-01,-831.1,-31.9,-8240.9,297.5
1989-12-01,-454.2,172.4,-7905.4,189.4
1990-01-01,-1044.0,162.7,-6174.8,-44.2
1990-02-01,-648.2,83.4,-5434.3,180.6
1990-03-01,-486.5,132.3,-5165.8,261.7
1990-04-01,-373.9,204.3,-3501.9,160.5
1990-05-01,-931.4,412.0,-4017.9,128.2
1990-06-01,-1075.0,410.5,-6444.7,0.8
1990-07-01,-1383.1,332.8,-8515.3,98.4
1990-08-01,-959.5,347.5,-7704.5,77.2
1990-09-01,-1626.5,212.5,-10731.0,166.4
1990-10-01,-1834.0,197.9,-10017.3,8.7
1990-11-01,-1435.9,186.0,-7988.6,280.6
1990-12-01,-1297.3,311.2,-7240.9,-41.7
1991-01-01,-1016.1,324.6,-2595.8,-40.0
1991-02-01,-958.9,362.2,-2322.9,71.5
1991-03-01,-1056.2,43.8,-2360.4,155.5
1991-04-01,-900.4,405.6,607.0,371.4
1991-05-01,-908.3,441.2,-1377.0,119.4
1991-06-01,-1031.9,549.8,-3421.0,-10.7
1991-07-01,-1031.6,588.3,-4485.0,68.2
1991-08-01,-1373.8,659.3,-5266.0,136.7
1991-09-01,-956.2,612.1,-6800.9,351.2
1991-10-01,-1061.6,1209.2,-5910.2,163.1
1991-11-01,-1237.6,706.2,-5205.3,10.6
1991-12-01,-1514.1,699.1,-5275.5,415.5
1992-01-01,-854.4,897.1,-592.9,35.4
1992-02-01,-1323.2,829.9,-2267.5,150.0
1992-03-01,-1268.5,942.6,-1657.9,144.2
1992-04-01,-1319.4,882.7,-2422.9,236.9
1992-05-01,-1489.5,1032.2,-3367.9,53.0
1992-06-01,-1089.3,978.2,-4231.6,-25.7
1992-07-01,-1085.3,1148.4,-8970.5,-99.2
1992-08-01,-1523.1,763.0,-7138.4,-94.4
1992-09-01,-1529.7,1045.8,-7891.0,223.4
1992-10-01,-1827.5,945.6,-9011.9,-220.4
1992-11-01,-1442.8,905.9,-5487.2,-162.3
1992-12-01,-1883.8,866.9,-5668.5,63.1
1993-01-01,-1662.7,867.5,-3787.5,-300.7
1993-02-01,-1689.3,829.3,-4833.9,-149.7
1993-03-01,-1435.0,833.3,-4740.6,-181.3
1993-04-01,-1602.2,620.1,-7686.6,-473.9
1993-05-01,-1535.2,711.1,-6276.8,-645.4
1993-06-01,-1744.2,825.8,-7438.2,-730.3
1993-07-01,-1505.8,801.7,-11453.6,-672.8
1993-08-01,-1349.4,532.7,-7966.0,-713.5
1993-09-01,-1371.3,510.5,-11807.4,-964.6
1993-10-01,-1496.5,384.0,-10863.6,-634.1
1993-11-01,-1339.2,593.5,-8095.0,-541.9
1993-12-01,-1182.5,570.4,-7930.8,-335.5
1994-01-01,-1292.0,965.1,-4012.9,-303.8
1994-02-01,-1253.1,938.2,-6498.3,-353.2
1994-03-01,-907.3,647.3,-5247.0,-392.2
1994-04-01,-1219.6,810.3,-7092.4,-379.8
1994-05-01,-1619.6,969.4,-7192.2,-583.6
1994-06-01,-2208.3,995.3,-11896.1,-764.6
1994-07-01,-2184.5,923.3,-14352.2,-780.7
1994-08-01,-2037.0,953.8,-10407.9,-471.6
1994-09-01,-2483.8,1035.6,-12983.1,-679.9
1994-10-01,-2680.8,886.7,-12691.7,-922.5
1994-11-01,-3013.6,722.3,-12563.5,-971.7
1994-12-01,-2620.8,918.9,-9108.6,-841.1
1995-01-01,-2524.8,-194.9,-9284.4,-1004.9
1995-02-01,-2437.3,-561.2,-7814.3,-550.0
1995-03-01,-2385.0,-737.4,-8015.1,-540.0
1995-04-01,-2890.2,-823.5,-7997.9,-337.8
1995-05-01,-2201.6,-840.3,-7164.4,-718.9
1995-06-01,-2890.5,-459.8,-8951.7,-927.5
1995-07-01,-2574.5,-619.5,-12304.1,-1208.3
1995-08-01,-2802.5,-593.0,-9492.3,-944.0
1995-09-01,-2945.8,-742.3,-11623.5,-815.9
1995-10-01,-3109.5,-548.3,-8139.3,-793.3
1995-11-01,-2918.4,-558.1,-6950.3,-374.4
1995-12-01,-3329.3,-403.0,-6397.3,-405.7
1996-01-01,-3258.9,-660.4,-5185.4,-456.7
1996-02-01,-2504.2,-420.6,-4998.6,-309.5
1996-03-01,-2710.6,-601.0,-4330.4,-363.6
1996-04-01,-3030.6,-739.0,-4397.6,-410.4
1996-05-01,-3737.6,-427.5,-7730.9,-845.7
1996-06-01,-3526.9,-598.2,-8426.2,-1065.5
1996-07-01,-3294.3,-315.8,-12095.7,-1279.7
1996-08-01,-3822.2,-356.2,-9972.2,-1394.4
1996-09-01,-3259.9,-705.8,-13066.3,-1146.9
1996-10-01,-2902.9,-328.4,-11275.6,-1781.9
1996-11-01,-3092.3,-358.2,-8305.9,-1039.8
1996-12-01,-3532.7,-760.4,-9389.7,-457.5
1997-01-01,-3439.3,-602.0,-8078.1,-813.8
1997-02-01,-2780.6,-442.9,-6196.2,-672.4
1997-03-01,-2699.5,-728.4,-4611.2,-843.4
1997-04-01,-2296.1,-603.0,-5302.1,-1423.3
1997-05-01,-2746.3,-984.5,-7171.8,-1313.5
1997-06-01,-2360.5,-340.1,-7715.2,-1643.5
1997-07-01,-2653.7,-90.2,-11629.3,-1362.8
1997-08-01,-2679.6,-45.8,-10076.8,-1973.4
1997-09-01,-2411.9,-382.9,-12840.4,-1743.5
1997-10-01,-2130.2,-411.7,-12299.5,-2054.6
1997-11-01,-2608.2,129.4,-8658.1,-1697.1
1997-12-01,-3367.9,371.1,-7651.2,-912.9
1998-01-01,-2304.2,399.2,-7345.2,-1145.5
1998-02-01,-2302.9,686.1,-6127.3,-922.9
1998-03-01,-2159.6,-57.2,-6058.0,-1319.3
1998-04-01,-2435.5,-61.7,-11792.9,-1759.5
1998-05-01,-2458.9,-342.1,-10560.8,-1809.9
1998-06-01,-2343.4,-427.8,-13808.3,-2070.1
1998-07-01,-3005.2,38.8,-17815.4,-2139.2
1998-08-01,-3304.2,-617.9,-14852.5,-2090.3
1998-09-01,-3171.0,-123.5,-17591.3,-2137.9
1998-10-01,-3203.7,-325.8,-17318.9,-1949.5
1998-11-01,-2965.2,111.2,-12044.1,-1822.2
1998-12-01,-3179.6,-8.8,-11359.6,-1837.0
1999-01-01,-3826.9,-240.5,-11778.6,-1270.3
1999-02-01,-3507.3,-667.2,-12877.7,-1319.4
1999-03-01,-3697.3,-1299.2,-14813.6,-1380.7
1999-04-01,-3215.9,-403.2,-15800.9,-1517.2
1999-05-01,-3519.5,-992.8,-18049.9,-1727.0
1999-06-01,-4113.1,-266.5,-19556.9,-1719.9
1999-07-01,-4362.7,-744.7,-25795.2,-2310.4
1999-08-01,-4809.1,-692.2,-22910.2,-2460.6
1999-09-01,-4012.3,-667.7,-25451.1,-2023.1
1999-10-01,-4655.3,391.0,-25695.9,-2797.3
1999-11-01,-4522.4,7.8,-22700.7,-2015.6
1999-12-01,-5924.0,976.4,-22223.2,-1973.1
2000-01-01,-6052.7,-1031.4,-23009.8,-1824.2
2000-02-01,-5266.9,-858.2,-25528.8,-1752.4
2000-03-01,-5899.2,-956.4,-26318.6,-2231.4
2000-04-01,-5514.0,-803.4,-26307.5,-2178.4
2000-05-01,-6023.7,-1157.4,-27665.0,-2594.9
2000-06-01,-6450.4,-1026.5,-30579.5,-2475.4
2000-07-01,-6503.5,-1210.3,-32980.1,-2809.7
2000-08-01,-6812.5,-1124.5,-32486.2,-3332.9
2000-09-01,-6917.1,-1151.1,-34267.2,-3097.2
2000-10-01,-7202.7,-1416.3,-35466.9,-3190.7
2000-11-01,-6948.4,-775.8,-30491.2,-2367.7
2000-12-01,-8117.6,-702.2,-30549.1,-1968.8
2001-01-01,-9358.0,-831.7,-28664.3,-2024.6
2001-02-01,-6702.4,-1204.6,-25431.6,-1588.0
2001-03-01,-6887.7,-1075.1,-26494.5,-2268.4
2001-04-01,-6553.2,-1011.3,-25327.7,-2193.1
2001-05-01,-7269.0,-1515.9,-26213.1,-2203.7
2001-06-01,-6314.2,-1943.8,-27154.9,-2300.5
2001-07-01,-6728.8,-2204.7,-32039.4,-2491.6
2001-08-01,-6476.6,-2350.2,-28642.8,-2601.2
2001-09-01,-6052.0,-2085.7,-31416.0,-2927.1
2001-10-01,-5790.8,-2284.4,-32010.1,-3063.1
2001-11-01,-5809.8,-1543.5,-27043.0,-2624.2
2001-12-01,-5482.7,-1920.7,-24582.8,-1888.5
2002-01-01,-6193.6,-2100.5,-26985.0,-2586.9
2002-02-01,-5632.3,-1940.9,-24780.3,-2381.7
2002-03-01,-5528.7,-2115.4,-28409.6,-2543.1
2002-04-01,-6202.7,-2701.5,-29881.1,-3032.8
2002-05-01,-6491.8,-2454.0,-32297.7,-3476.5
2002-06-01,-5304.4,-2441.8,-31357.3,-3779.3
2002-07-01,-6422.1,-2923.8,-37830.1,-3811.2
2002-08-01,-6107.0,-2620.4,-35160.8,-4284.0
2002-09-01,-6692.6,-2401.5,-37944.1,-4508.9
2002-10-01,-6613.8,-2767.3,-39751.1,-4229.4
2002-11-01,-5966.6,-2168.0,-35774.1,-4143.7
2002-12-01,-6683.1,-2312.2,-34326.5,-4035.0
2003-01-01,-7102.7,-2727.6,-34348.5,-3482.3
2003-02-01,-5878.1,-2477.1,-30853.9,-2867.3
2003-03-01,-7244.5,-2287.5,-34653.0,-3396.1
2003-04-01,-6016.7,-2377.4,-35758.5,-4357.9
2003-05-01,-6019.6,-2574.7,-35332.1,-4401.3
2003-06-01,-6045.6,-2751.8,-34126.1,-5012.5
2003-07-01,-7258.7,-2704.2,-42422.4,-5298.3
2003-08-01,-6900.1,-2849.7,-37503.9,-5780.0
2003-09-01,-7580.5,-3066.8,-42430.6,-6386.4
2003-10-01,-7482.3,-3218.3,-45060.6,-6483.4
2003-11-01,-6956.3,-2689.4,-37117.9,-5794.2
2003-12-01,-6933.0,-2886.5,-40704.4,-5463.0
2004-01-01,-7768.6,-2828.5,-35700.5,-4432.8
2004-02-01,-7499.1,-3219.4,-38181.9,-2951.1
2004-03-01,-8045.6,-3968.6,-42550.3,-5043.3
2004-04-01,-8217.6,-3086.8,-39988.4,-5629.3
2004-05-01,-7566.5,-3896.8,-42120.8,-6084.8
2004-06-01,-9414.1,-4607.8,-47930.8,-7262.6
2004-07-01,-8555.7,-4027.0,-50821.9,-7456.3
2004-08-01,-8852.6,-4836.9,-48545.9,-7609.0
2004-09-01,-8160.5,-4298.6,-51740.0,-8423.4
2004-10-01,-8529.5,-4790.0,-53574.9,-8182.1
2004-11-01,-8845.2,-4033.4,-52714.8,-8560.3
2004-12-01,-7700.7,-3451.8,-49955.0,-8802.0
2005-01-01,-8929.4,-3415.2,-46129.2,-7385.3
2005-02-01,-7903.4,-3884.9,-47045.3,-6101.2
2005-03-01,-8200.6,-4592.2,-51545.7,-7945.9
2005-04-01,-8143.8,-4782.3,-50303.7,-8858.5
2005-05-01,-8079.7,-5274.2,-52337.9,-8742.2
2005-06-01,-7833.0,-5230.6,-55319.1,-10135.7
2005-07-01,-9073.2,-4636.3,-57905.3,-10281.9
2005-08-01,-9792.2,-5330.1,-57034.8,-10628.2
2005-09-01,-10764.5,-5165.6,-65423.2,-11218.3
2005-10-01,-12285.2,-5024.3,-65535.2,-11563.5
2005-11-01,-11202.4,-5510.1,-62843.6,-11025.0
2005-12-01,-11870.7,-5057.0,-61564.4,-10468.2
2006-01-01,-11852.6,-6247.6,-60345.8,-10107.1
2006-02-01,-9220.4,-5528.5,-53271.0,-7550.1
2006-03-01,-8937.7,-5722.9,-61752.3,-11009.3
2006-04-01,-9145.4,-5976.3,-59948.4,-10741.0
2006-05-01,-9382.9,-6748.0,-63794.1,-10918.3
2006-06-01,-9240.6,-6306.3,-64970.2,-12133.6
2006-07-01,-9649.0,-5872.7,-67219.0,-11910.6
2006-08-01,-9367.6,-7274.2,-68007.0,-13917.3
2006-09-01,-9013.3,-5610.0,-69094.2,-14154.2
2006-10-01,-8752.7,-7143.3,-64632.9,-14063.9
2006-11-01,-9202.0,-5743.6,-62092.3,-14601.7
2006-12-01,-9445.2,-5496.2,-58063.1,-13464.8
2007-01-01,-10574.0,-5123.3,-56321.8,-12981.5
2007-02-01,-8497.6,-5508.9,-52737.1,-12261.6
2007-03-01,-9161.1,-5789.6,-53634.7,-9535.6
2007-04-01,-9373.3,-5586.5,-55451.7,-12538.8
2007-05-01,-8963.1,-6594.2,-55976.6,-12663.1
2007-06-01,-9810.9,-6331.7,-61066.3,-14092.1
2007-07-01,-9261.3,-6647.0,-63864.2,-14430.1
2007-08-01,-9500.4,-6610.6,-60606.0,-15026.6
2007-09-01,-8992.4,-6609.5,-62174.4,-15358.4
2007-10-01,-10056.8,-7328.5,-65602.9,-15432.4
2007-11-01,-9891.9,-6813.4,-64307.6,-15185.2
2007-12-01,-9481.4,-6348.9,-59392.7,-13677.7
2008-01-01,-10837.3,-5266.4,-55964.8,-12111.4
2008-02-01,-10314.9,-5206.1,-55606.3,-9429.3
2008-03-01,-11042.3,-6974.1,-57255.3,-11739.3
2008-04-01,-11900.2,-6929.3,-63478.2,-13067.7
2008-05-01,-10232.6,-7049.4,-62237.0,-14310.6
2008-06-01,-11718.4,-6785.0,-64750.9,-14728.5
2008-07-01,-14140.1,-7267.0,-75634.3,-16406.1
2008-08-01,-11553.8,-6236.4,-64179.6,-17545.8
2008-09-01,-11695.0,-6097.8,-64528.6,-17582.9
2008-10-01,-9976.2,-5417.8,-60489.8,-17474.3
2008-11-01,-7519.1,-5051.2,-41054.7,-14221.0
2008-12-01,-6825.6,-4827.7,-38152.9,-12446.9
2009-01-01,-5948.9,-4041.0,-29769.6,-12362.7
2009-02-01,-4836.0,-4343.8,-23287.6,-6375.5
2009-03-01,-4839.5,-5605.5,-29346.0,-10281.7
2009-04-01,-4123.9,-5371.3,-31237.6,-10622.8
2009-05-01,-3437.6,-5464.3,-30839.9,-10986.9
2009-06-01,-5102.0,-5559.9,-37129.1,-11611.6
2009-07-01,-5850.3,-4286.4,-43741.7,-13953.5
2009-08-01,-5299.2,-5460.4,-37762.0,-12543.9
2009-09-01,-5338.2,-5849.7,-46142.0,-14233.5
2009-10-01,-6071.1,-6647.6,-48608.1,-15136.0
2009-11-01,-5703.3,-6754.0,-45084.7,-12813.0
2009-12-01,-7078.4,-6537.5,-44340.9,-12690.8
2010-01-01,-8089.9,-5209.8,-37728.1,-10947.2
2010-02-01,-6036.3,-5963.7,-41283.0,-9942.6
2010-03-01,-6534.6,-7597.0,-43136.6,-9842.5
2010-04-01,-6790.9,-6507.9,-43622.7,-11890.0
2010-05-01,-6408.2,-7112.2,-48980.5,-16704.0
2010-06-01,-6604.9,-7719.7,-54871.7,-17714.0
2010-07-01,-5811.2,-6673.7,-56180.1,-19425.5
2010-08-01,-6574.4,-7973.0,-55873.6,-18189.0
2010-09-01,-5930.4,-7330.3,-56189.5,-18240.5
2010-10-01,-5968.3,-7720.0,-55713.8,-18128.2
2010-11-01,-6873.2,-8296.0,-51075.2,-16650.6
2010-12-01,-9118.9,-6873.3,-51706.7,-14045.5
2011-01-01,-9014.2,-6311.1,-49201.1,-13662.9
2011-02-01,-7108.0,-6842.2,-46488.7,-8446.8
2011-03-01,-8045.9,-8659.7,-54626.4,-13359.6
2011-04-01,-6942.7,-6928.1,-51398.3,-15299.4
2011-05-01,-7453.8,-8656.1,-53943.3,-16014.0
2011-06-01,-7535.8,-7831.3,-60414.7,-19053.3
2011-07-01,-8321.3,-6761.6,-66546.3,-20837.9
2011-08-01,-7605.6,-8109.1,-61336.6,-20266.9
2011-09-01,-8540.1,-6364.8,-60324.7,-20581.9
2011-10-01,-7351.7,-7804.6,-55236.2,-20434.8
2011-11-01,-8183.2,-8445.3,-58768.5,-19805.1
2011-12-01,-9106.3,-6895.2,-58207.6,-17930.1
2012-01-01,-9500.7,-6706.6,-52437.5,-17906.8
2012-02-01,-7357.2,-7385.3,-43638.2,-8866.0
2012-03-01,-8251.9,-8057.5,-55437.0,-17096.0
2012-04-01,-8204.3,-7346.5,-52273.5,-17721.6
2012-05-01,-6594.0,-8587.6,-57743.9,-20115.1
2012-06-01,-6311.0,-8087.6,-56118.4,-20866.8
2012-07-01,-6785.4,-7986.8,-54318.8,-20057.1
2012-08-01,-7236.4,-7210.7,-53291.3,-20376.3
2012-09-01,-6881.1,-6984.9,-57013.2,-21089.6
2012-10-01,-7442.4,-7623.8,-56906.5,-21627.2
2012-11-01,-8216.8,-7573.4,-55002.8,-18362.8
2012-12-01,-8444.4,-8075.0,-52018.2,-19816.8
2013-01-01,-9752.9,-5772.9,-47940.7,-17596.2
2013-02-01,-7165.7,-7361.9,-44622.6,-13172.4
2013-03-01,-7330.8,-8157.9,-48487.4,-12191.1
2013-04-01,-7482.1,-7925.5,-49510.7,-15187.8
2013-05-01,-7093.7,-8756.3,-54323.0,-19930.0
2013-06-01,-6645.0,-8874.6,-52548.0,-17913.3
2013-07-01,-7761.2,-8095.8,-57527.5,-19890.5
2013-08-01,-7576.6,-8319.1,-57743.9,-20937.5
2013-09-01,-8323.4,-8757.8,-60134.5,-21223.3
2013-10-01,-8099.5,-10237.3,-64855.2,-23387.2
2013-11-01,-7132.0,-8876.0,-56530.0,-22589.0
2013-12-01,-8203.8,-9806.4,-53824.5,-18009.2
2014-01-01,-9680.9,-5619.0,-51761.1,-19060.5
2014-02-01,-7458.8,-8501.4,-39436.9,-8077.0
2014-03-01,-8304.9,-8771.5,-52747.4,-13720.9
2014-04-01,-7702.6,-9878.5,-56848.6,-17712.5
2014-05-01,-7824.2,-9510.5,-61075.2,-21328.1
2014-06-01,-7731.1,-9007.1,-54456.8,-20226.7
2014-07-01,-8182.9,-9714.3,-66211.7,-22290.0
2014-08-01,-7529.7,-8976.8,-58791.7,-24740.5
2014-09-01,-9360.6,-10287.7,-67664.2,-24165.5
2014-10-01,-8154.1,-11431.9,-70735.3,-26923.1
2014-11-01,-6986.1,-9006.6,-59170.1,-23821.0
2014-12-01,-9569.4,-10662.9,-61705.1,-20897.4
2015-01-01,-8147.3,-5890.6,-51678.7,-21949.3
2015-02-01,-5929.7,-8317.1,-51633.6,-19974.2
2015-03-01,-5696.2,-9895.9,-46741.4,-12092.0
2015-04-01,-5249.6,-10514.8,-54334.7,-19986.1
2015-05-01,-4290.5,-9226.3,-54949.3,-24476.4
2015-06-01,-7633.4,-10044.4,-60761.9,-23211.2
2015-07-01,-6980.5,-9058.0,-63288.5,-22811.0
2015-08-01,-6916.3,-8178.3,-57551.9,-25580.9
2015-09-01,-7497.9,-9603.7,-65631.7,-27482.9
2015-10-01,-5446.4,-10903.7,-64474.4,-26411.7
2015-11-01,-5600.6,-9531.0,-53834.5,-21891.2
2015-12-01,-7350.5,-9684.6,-58529.3,-20048.7
2016-01-01,-7557.7,-6323.6,-51374.7,-21747.9
2016-02-01,-5811.2,-8964.9,-45966.8,-14468.8
2016-03-01,-5494.5,-9963.0,-50579.0,-14307.6
2016-04-01,-3858.8,-9452.2,-52761.0,-18036.9
2016-05-01,-4859.9,-9772.1,-57965.9,-21131.3
2016-06-01,-5472.8,-9831.2,-60412.0,-20739.3
2016-07-01,-5768.5,-8387.0,-63247.8,-24534.3
2016-08-01,-6352.3,-9754.4,-59859.5,-25171.1
2016-09-01,-6776.9,-9460.4,-67102.5,-24825.0
2016-10-01,-6837.3,-9708.3,-62522.8,-24219.9
2016-11-01,-8323.0,-10729.4,-63934.0,-23080.0
2016-12-01,-7661.1,-9945.3,-60725.9,-21789.9
2017-01-01,-8713.1,-6291.2,-55858.1,-21438.0
2017-02-01,-6954.5,-9475.4,-43799.7,-10425.3
2017-03-01,-7226.2,-10640.9,-56872.1,-17732.2
2017-04-01,-7025.5,-10799.7,-58908.6,-21337.8
2017-05-01,-7034.5,-11078.6,-60936.3,-22005.9
2017-06-01,-6234.6,-11395.6,-61882.5,-25663.7
2017-07-01,-6427.9,-9355.5,-67508.0,-25727.9
2017-08-01,-6009.1,-10141.8,-62433.3,-26178.0
2017-09-01,-5797.4,-9620.7,-72108.1,-28243.2
2017-10-01,-7728.2,-10579.5,-67263.1,-26637.8
2017-11-01,-7293.2,-11228.5,-71042.5,-27853.8
2017-12-01,-7971.2,-10033.1,-67490.8,-25568.3
2018-01-01,-9029.5,-7465.1,-59265.0,-21900.6
2018-02-01,-5458.6,-10278.9,-60061.2,-20960.8
2018-03-01,-5637.0,-11434.3,-62749.3,-15370.8
2018-04-01,-6445.1,-9849.3,-61460.5,-22171.6
2018-05-01,-7117.4,-11490.6,-61992.1,-24601.4
2018-06-01,-7882.3,-10982.3,-70697.5,-28929.3
2018-07-01,-8679.8,-10198.3,-72703.6,-28113.1
2018-08-01,-8730.6,-11547.5,-72157.2,-31104.5
2018-09-01,-7420.1,-11702.2,-77647.1,-34124.6
2018-10-01,-8445.8,-11724.9,-81186.5,-31769.8
2018-11-01,-6990.3,-10225.3,-78135.4,-35536.7
2018-12-01,-6836.6,-12604.9,-68522.4,-29846.2
2019-01-01,-6403.8,-8595.7,-62436.7,-27303.2
2019-02-01,-4987.9,-11688.1,-54232.5,-14696.1
2019-03-01,-7376.4,-12810.4,-65860.2,-20471.8
2019-04-01,-7078.9,-13423.1,-65772.0,-21013.8
2019-05-01,-8908.3,-13506.9,-72720.1,-26840.3
2019-06-01,-8602.3,-13371.1,-77032.0,-29885.9
2019-07-01,-9252.5,-12185.5,-76992.1,-27957.6
2019-08-01,-7340.9,-13659.5,-70084.5,-26936.5
2019-09-01,-8244.2,-12456.8,-72010.1,-25883.6
2019-10-01,-9096.0,-14045.9,-75952.1,-26437.5
2019-11-01,-7213.2,-12620.7,-65854.7,-24580.6
2019-12-01,-9785.6,-14334.6,-69037.5,-23341.8
2020-01-01,-7918.4,-9555.6,-53558.7,-17582.7
2020-02-01,-6097.1,-12743.2,-47766.8,-7744.8
2020-03-01,-6492.6,-13648.6,-63034.2,-15286.4
2020-04-01,-4013.8,-8084.3,-52656.2,-22799.2
2020-05-01,-4793.6,-6341.9,-66239.1,-27891.3
2020-06-01,-5289.9,-15264.9,-79172.2,-29413.5
2020-07-01,-6301.3,-15019.8,-98719.7,-32435.2
2020-08-01,-6541.3,-15248.5,-86300.9,-34184.6
2020-09-01,-6970.6,-15353.5,-92926.8,-30711.0
2020-10-01,-7871.1,-16966.4,-91634.2,-31353.7
2020-11-01,-7399.1,-14629.4,-96175.2,-37416.2
2020-12-01,-8031.0,-18017.1,-96119.2,-29891.1
2021-01-01,-9538.8,-9910.8,-85879.4,-28216.5
2021-02-01,-8789.9,-13547.0,-80026.3,-23001.9
2021-03-01,-8706.4,-11390.4,-76102.7,-21290.9
2021-04-01,-8670.9,-14332.7,-84074.7,-28052.7
2021-05-01,-9917.4,-13499.6,-88633.8,-31764.9
2021-06-01,-12174.6,-14459.6,-101656.3,-32563.9
2021-07-01,-10332.2,-12586.4,-104217.8,-35431.0
2021-08-01,-11266.6,-11372.3,-91233.2,-37663.4
2021-09-01,-11586.5,-15125.7,-104854.8,-41983.5
2021-10-01,-11023.7,-14024.9,-105701.4,-40711.8
2021-11-01,-13360.2,-16613.7,-106480.2,-36900.8
2021-12-01,-13167.6,-17893.9,-107786.0,-39216.1
2022-01-01,-13875.0,-10033.2,-86875.0,-33088.5
2022-02-01,-11941.2,-16501.4,-81596.4,-26656.9
2022-03-01,-15405.6,-18326.1,-110896.9,-32044.8
2022-04-01,-13928.2,-15573.6,-97888.9,-32254.3
2022-05-01,-17175.8,-15356.7,-96729.2,-36011.6
2022-06-01,-15814.8,-15601.9,-105494.9,-41334.7
2022-07-01,-14729.0,-12863.2,-94939.8,-41471.1
2022-08-01,-14282.7,-15296.9,-88456.5,-36780.8
2022-09-01,-12645.2,-18411.3,-93685.0,-36051.1
2022-10-01,-11971.3,-17441.4,-85363.0,-34164.9
2022-11-01,-11107.7,-17813.9,-77889.4,-24297.3
2022-12-01,-11787.3,-18436.2,-87035.0,-29416.8
2023-01-01,-14314.1,-13205.4,-67622.1,-29481.5
2023-02-01,-10771.9,-14574.0,-64542.7,-11788.9
2023-03-01,-11992.2,-19450.5,-93287.6,-27551.1
2023-04-01,-11037.9,-16728.3,-88075.0,-29645.5
2023-05-01,-12606.2,-19990.8,-88792.4,-28137.6
2023-06-01,-11026.4,-19842.8,-95840.6,-28673.3
2023-07-01,-11642.8,-18503.5,-95623.4,-30256.9
2023-08-01,-12475.0,-18928.3,-99228.3,-33081.6
