DATE,GDPC1,UNRATE,PCEPI,GDPI
1947-01-01,2182.681,,,10.398402785330783
1947-04-01,2176.892,,,10.370823696254421
1947-07-01,2172.432,,,10.349576030460577
1947-10-01,2206.452,,,10.511649032771476
1948-01-01,2239.682,3.4,,10.669958435087498
1948-02-01,,3.8,,
1948-03-01,,4.0,,
1948-04-01,2276.69,3.9,,10.846266420670148
1948-05-01,,3.5,,
1948-06-01,,3.6,,
1948-07-01,2289.77,3.6,,10.908580202863757
1948-08-01,,3.9,,
1948-09-01,,3.8,,
1948-10-01,2292.364,3.7,,10.920938150188697
1948-11-01,,3.8,,
1948-12-01,,4.0,,
1949-01-01,2260.807,4.3,,10.770599004570675
1949-02-01,,4.7,,
1949-03-01,,5.0,,
1949-04-01,2253.128,5.3,,10.734015859810379
1949-05-01,,6.1,,
1949-06-01,,6.2,,
1949-07-01,2276.424,6.7,,10.84499918320352
1949-08-01,,6.8,,
1949-09-01,,6.6,,
1949-10-01,2257.352,7.9,,10.754139209656387
1949-11-01,,6.4,,
1949-12-01,,6.6,,
1950-01-01,2346.104,6.5,,11.176958230852648
1950-02-01,,6.4,,
1950-03-01,,6.3,,
1950-04-01,2417.682,5.8,,11.517959446590726
1950-05-01,,5.5,,
1950-06-01,,5.4,,
1950-07-01,2511.127,5.0,,11.963136157376791
1950-08-01,,4.5,,
1950-09-01,,4.4,,
1950-10-01,2559.214,4.2,,12.192225059849576
1950-11-01,,4.2,,
1950-12-01,,4.3,,
1951-01-01,2593.967,3.7,,12.357790111269642
1951-02-01,,3.4,,
1951-03-01,,3.4,,
1951-04-01,2638.898,3.1,,12.571843669965437
1951-05-01,,3.0,,
1951-06-01,,3.2,,
1951-07-01,2693.259,3.1,,12.830822226068397
1951-08-01,,3.1,,
1951-09-01,,3.3,,
1951-10-01,2699.156,3.5,,12.858915832612414
1951-11-01,,3.5,,
1951-12-01,,3.1,,
1952-01-01,2727.954,3.2,,12.996110962552132
1952-02-01,,3.1,,
1952-03-01,,2.9,,
1952-04-01,2733.8,2.9,,13.0239616025142
1952-05-01,,3.0,,
1952-06-01,,3.0,,
1952-07-01,2753.517,3.2,,13.117894388715373
1952-08-01,,3.4,,
1952-09-01,,3.1,,
1952-10-01,2843.941,3.0,,13.548678902559013
1952-11-01,,2.8,,
1952-12-01,,2.7,,
1953-01-01,2896.811,2.9,,13.80055425917798
1953-02-01,,2.6,,
1953-03-01,,2.6,,
1953-04-01,2919.206,2.7,,13.907245172956713
1953-05-01,,2.5,,
1953-06-01,,2.5,,
1953-07-01,2902.785,2.6,,13.829014697620226
1953-08-01,,2.7,,
1953-09-01,,2.9,,
1953-10-01,2858.845,3.1,,13.619682313095216
1953-11-01,,3.5,,
1953-12-01,,4.5,,
1954-01-01,2845.192,4.9,,13.554638729892668
1954-02-01,,5.2,,
1954-03-01,,5.7,,
1954-04-01,2848.305,5.9,,13.569469219492722
1954-05-01,,5.9,,
1954-06-01,,5.6,,
1954-07-01,2880.482,5.8,,13.722762076499123
1954-08-01,,6.0,,
1954-09-01,,6.1,,
1954-10-01,2936.852,5.7,,13.991311610310566
1954-11-01,,5.3,,
1954-12-01,,5.0,,
1955-01-01,3020.746,4.9,,14.39098687356367
1955-02-01,,4.7,,
1955-03-01,,4.6,,
1955-04-01,3069.91,4.7,,14.62520665856111
1955-05-01,,4.3,,
1955-06-01,,4.2,,
1955-07-01,3111.379,4.0,,14.82276707398823
1955-08-01,,4.2,,
1955-09-01,,4.1,,
1955-10-01,3130.068,4.3,,14.911802416145445
1955-11-01,,4.2,,
1955-12-01,,4.2,,
1956-01-01,3117.922,4.0,,14.853938257236916
1956-02-01,,3.9,,
1956-03-01,,4.2,,
1956-04-01,3143.694,4.0,,14.976717369981078
1956-05-01,,4.3,,
1956-06-01,,4.3,,
1956-07-01,3140.874,4.4,,14.963282747214565
1956-08-01,,4.1,,
1956-09-01,,3.9,,
1956-10-01,3192.57,3.9,,15.209565108398113
1956-11-01,,4.3,,
1956-12-01,,4.2,,
1957-01-01,3213.011,4.2,,15.306947067252816
1957-02-01,,3.9,,
1957-03-01,,3.7,,
1957-04-01,3205.97,3.9,,15.273403386792172
1957-05-01,,4.1,,
1957-06-01,,4.3,,
1957-07-01,3237.386,4.2,,15.423070801271868
1957-08-01,,4.1,,
1957-09-01,,4.4,,
1957-10-01,3203.894,4.5,,15.263513217691719
1957-11-01,,5.1,,
1957-12-01,,5.2,,
1958-01-01,3120.724,5.8,,14.867287127092151
1958-02-01,,6.4,,
1958-03-01,,6.7,,
1958-04-01,3141.224,7.4,,14.964950164933816
1958-05-01,,7.4,,
1958-06-01,,7.3,,
1958-07-01,3213.884,7.5,,15.311106083449683
1958-08-01,,7.4,,
1958-09-01,,7.1,,
1958-10-01,3289.032,6.7,,15.66911495992409
1958-11-01,,6.2,,
1958-12-01,,6.2,,
1959-01-01,3352.129,6.0,15.164,15.96971226229948
1959-02-01,,5.9,15.179,
1959-03-01,,5.6,15.189,
1959-04-01,3427.667,5.2,15.219,16.329579118518193
1959-05-01,,5.1,15.227,
1959-06-01,,5.0,15.271,
1959-07-01,3430.057,5.1,15.303,16.34096519951534
1959-08-01,,5.2,15.325,
1959-09-01,,5.5,15.365,
1959-10-01,3439.832,5.7,15.402,16.387533794388624
1959-11-01,,5.8,15.412,
1959-12-01,,5.3,15.43,
1960-01-01,3517.181,5.2,15.421,16.75602834629179
1960-02-01,,4.8,15.437,
1960-03-01,,5.4,15.446,
1960-04-01,3498.246,5.2,15.502,16.665821047680478
1960-05-01,,5.1,15.518,
1960-06-01,,5.4,15.525,
1960-07-01,3515.385,5.5,15.553,16.747472111366733
1960-08-01,,5.6,15.579,
1960-09-01,,5.5,15.588,
1960-10-01,3470.278,6.1,15.606,16.532580079760688
1960-11-01,,6.1,15.659,
1960-12-01,,6.6,15.662,
1961-01-01,3493.703,6.6,15.665,16.644177965684637
1961-02-01,,6.9,15.679,
1961-03-01,,6.9,15.67,
1961-04-01,3553.021,7.0,15.661,16.926771920742777
1961-05-01,,7.1,15.67,
1961-06-01,,6.9,15.677,
1961-07-01,3621.252,7.0,15.711,17.25182785903422
1961-08-01,,6.6,15.724,
1961-09-01,,6.7,15.742,
1961-10-01,3692.289,6.5,15.741,17.590251723383403
1961-11-01,,6.1,15.742,
1961-12-01,,6.0,15.746,
1962-01-01,3758.147,5.8,15.776,17.904002569538342
1962-02-01,,5.5,15.818,
1962-03-01,,5.6,15.839,
1962-04-01,3792.149,5.6,15.857,18.065989818937965
1962-05-01,,5.5,15.867,
1962-06-01,,5.5,15.877,
1962-07-01,3838.776,5.4,15.868,18.288123207496174
1962-08-01,,5.7,15.891,
1962-09-01,,5.6,15.969,
1962-10-01,3851.421,5.4,15.953,18.348364627667287
1962-11-01,,5.7,15.964,
1962-12-01,,5.5,15.958,
1963-01-01,3893.482,5.7,15.997,18.54874536106525
1963-02-01,,5.9,16.014,
1963-03-01,,5.7,16.001,
1963-04-01,3937.183,5.7,16.0,18.756939137490548
1963-05-01,,5.9,16.026,
1963-06-01,,5.6,16.061,
1963-07-01,4023.755,5.6,16.093,19.169372528321208
1963-08-01,,5.4,16.115,
1963-09-01,,5.5,16.112,
1963-10-01,4050.147,5.5,16.143,19.295105352453753
1963-11-01,,5.7,16.166,
1963-12-01,,5.5,16.19,
1964-01-01,4135.553,5.6,16.224,19.701983860254003
1964-02-01,,5.4,16.247,
1964-03-01,,5.4,16.257,
1964-04-01,4180.592,5.3,16.269,19.916551936417452
1964-05-01,,5.1,16.271,
1964-06-01,,5.2,16.294,
1964-07-01,4245.918,4.9,16.315,20.22776830763914
1964-08-01,,5.0,16.327,
1964-09-01,,5.1,16.352,
1964-10-01,4259.046,5.1,16.362,20.290310764262816
1964-11-01,,4.8,16.385,
1964-12-01,,5.0,16.409,
1965-01-01,4362.111,4.9,16.427,20.781317642075063
1965-02-01,,5.1,16.434,
1965-03-01,,4.7,16.455,
1965-04-01,4417.225,4.8,16.481,21.043883528299723
1965-05-01,,4.6,16.518,
1965-06-01,,4.6,16.566,
1965-07-01,4515.427,4.4,16.578,21.511722827915676
1965-08-01,,4.4,16.582,
1965-09-01,,4.3,16.59,
1965-10-01,4619.458,4.2,16.595,22.00733177863305
1965-11-01,,4.1,16.623,
1965-12-01,,4.0,16.683,
1966-01-01,4731.888,4.0,16.703,22.54295399056175
1966-02-01,,3.8,16.772,
1966-03-01,,3.8,16.813,
1966-04-01,4748.046,3.8,16.871,22.619931520583485
1966-05-01,,3.9,16.892,
1966-06-01,,3.8,16.934,
1966-07-01,4788.254,3.8,16.967,22.811484468170683
1966-08-01,,3.8,17.032,
1966-09-01,,3.7,17.086,
1966-10-01,4827.537,3.7,17.131,22.998630668928445
1966-11-01,,3.6,17.156,
1966-12-01,,3.8,17.192,
1967-01-01,4870.299,3.9,17.193,23.20235100181553
1967-02-01,,3.8,17.213,
1967-03-01,,3.8,17.222,
1967-04-01,4873.287,3.8,17.251,23.21658598508728
1967-05-01,,3.8,17.284,
1967-06-01,,3.9,17.339,
1967-07-01,4919.392,3.8,17.398,23.436232539218498
1967-08-01,,3.8,17.452,
1967-09-01,,3.8,17.505,
1967-10-01,4956.477,4.0,17.554,23.61290735669938
1967-11-01,,3.9,17.612,
1967-12-01,,3.8,17.64,
1968-01-01,5057.553,3.7,17.722,24.094438537815673
1968-02-01,,3.8,17.794,
1968-03-01,,3.7,17.852,
1968-04-01,5142.033,3.5,17.908,24.49690553473586
1968-05-01,,3.5,17.974,
1968-06-01,,3.7,18.032,
1968-07-01,5181.859,3.7,18.087,24.68663861498377
1968-08-01,,3.5,18.161,
1968-09-01,,3.4,18.224,
1968-10-01,5202.212,3.4,18.304,24.78360133738335
1968-11-01,,3.4,18.366,
1968-12-01,,3.4,18.404,
1969-01-01,5283.597,3.4,18.476,25.17132359761475
1969-02-01,,3.4,18.523,
1969-03-01,,3.4,18.61,
1969-04-01,5299.625,3.4,18.692,25.247681801055055
1969-05-01,,3.4,18.767,
1969-06-01,,3.5,18.858,
1969-07-01,5334.6,3.5,18.941,25.41430447171419
1969-08-01,,3.5,18.993,
1969-09-01,,3.7,19.072,
1969-10-01,5308.556,3.7,19.137,25.290229537199632
1969-11-01,,3.5,19.22,
1969-12-01,,3.5,19.308,
1970-01-01,5300.652,3.9,19.377,25.25257448104839
1970-02-01,,4.2,19.454,
1970-03-01,,4.4,19.502,
1970-04-01,5308.164,4.6,19.601,25.28836202935408
1970-05-01,,4.8,19.663,
1970-06-01,,4.9,19.714,
1970-07-01,5357.077,5.0,19.786,25.52138603764429
1970-08-01,,5.1,19.838,
1970-09-01,,5.4,19.927,
1970-10-01,5299.672,5.5,20.026,25.24790571143449
1970-11-01,,5.9,20.105,
1970-12-01,,6.1,20.194,
1971-01-01,5443.619,5.9,20.237,25.933676506956154
1971-02-01,,5.9,20.296,
1971-03-01,,6.0,20.363,
1971-04-01,5473.059,5.9,20.443,26.07393015739804
1971-05-01,,5.9,20.528,
1971-06-01,,5.9,20.619,
1971-07-01,5518.072,6.0,20.681,26.288374368245197
1971-08-01,,6.1,20.741,
1971-09-01,,6.0,20.772,
1971-10-01,5531.032,5.8,20.804,26.350116464363637
1971-11-01,,6.0,20.847,
1971-12-01,,6.0,20.929,
1972-01-01,5632.649,5.8,21.015,26.834224996868826
1972-02-01,,5.7,21.098,
1972-03-01,,5.8,21.128,
1972-04-01,5760.47,5.7,21.16,27.443170711988795
1972-05-01,,5.7,21.207,
1972-06-01,,5.7,21.239,
1972-07-01,5814.854,5.6,21.315,27.70225884125616
1972-08-01,,5.6,21.377,
1972-09-01,,5.5,21.473,
1972-10-01,5912.22,5.6,21.497,28.16611539454843
1972-11-01,,5.3,21.561,
1972-12-01,,5.2,21.63,
1973-01-01,6058.544,4.9,21.695,28.863210338409097
1973-02-01,,5.0,21.809,
1973-03-01,,4.9,21.964,
1973-04-01,6124.506,5.0,22.127,29.177456645829185
1973-05-01,,4.9,22.236,
1973-06-01,,4.9,22.363,
1973-07-01,6092.301,4.8,22.444,29.02403039540524
1973-08-01,,4.8,22.703,
1973-09-01,,4.8,22.793,
1973-10-01,6150.131,4.6,22.922,29.299535443131262
1973-11-01,,4.8,23.11,
1973-12-01,,4.9,23.3,
1974-01-01,6097.258,5.1,23.523,29.04764579436042
1974-02-01,,5.2,23.797,
1974-03-01,,5.1,24.073,
1974-04-01,6111.751,5.1,24.243,29.116691180089166
1974-05-01,,5.1,24.482,
1974-06-01,,5.4,24.69,
1974-07-01,6053.978,5.5,24.872,28.84145768324885
1974-08-01,,5.5,25.132,
1974-09-01,,5.9,25.393,
1974-10-01,6030.464,6.0,25.575,28.729435796819146
1974-11-01,,6.6,25.767,
1974-12-01,,7.2,25.971,
1975-01-01,5957.035,8.1,26.132,28.379616323371557
1975-02-01,,8.1,26.274,
1975-03-01,,8.6,26.363,
1975-04-01,5999.61,8.8,26.452,28.5824457787915
1975-05-01,,9.0,26.558,
1975-06-01,,8.8,26.724,
1975-07-01,6102.326,8.6,26.953,29.07179000293513
1975-08-01,,8.4,27.07,
1975-09-01,,8.4,27.204,
1975-10-01,6184.53,8.4,27.362,29.463414020629575
1975-11-01,,8.3,27.538,
1975-12-01,,8.2,27.69,
1976-01-01,6323.649,7.9,27.795,30.126183979726868
1976-02-01,,7.7,27.831,
1976-03-01,,7.6,27.873,
1976-04-01,6370.025,7.7,27.936,30.347121591577842
1976-05-01,,7.4,28.069,
1976-06-01,,7.6,28.192,
1976-07-01,6404.895,7.8,28.335,30.5132440369212
1976-08-01,,7.8,28.491,
1976-09-01,,7.6,28.651,
1976-10-01,6451.177,7.7,28.801,30.733733828013293
1976-11-01,,7.8,28.932,
1976-12-01,,7.8,29.094,
1977-01-01,6527.703,7.5,29.263,31.098307566250917
1977-02-01,,7.6,29.492,
1977-03-01,,7.4,29.64,
1977-04-01,6654.466,7.2,29.812,31.702212915808126
1977-05-01,,7.0,29.963,
1977-06-01,,7.2,30.131,
1977-07-01,6774.457,6.9,30.287,32.273856114523205
1977-08-01,,7.0,30.428,
1977-09-01,,6.8,30.543,
1977-10-01,6774.592,6.8,30.685,32.27449926135777
1977-11-01,,6.8,30.861,
1977-12-01,,6.4,31.011,
1978-01-01,6796.26,6.4,31.194,32.377726710331096
1978-02-01,,6.3,31.339,
1978-03-01,,6.3,31.542,
1978-04-01,7058.92,6.1,31.781,33.629052247867264
1978-05-01,,6.0,32.008,
1978-06-01,,5.9,32.217,
1978-07-01,7129.915,6.2,32.393,33.96727602209014
1978-08-01,,5.9,32.557,
1978-09-01,,6.0,32.742,
1978-10-01,7225.75,5.8,33.003,34.42383881387335
1978-11-01,,5.9,33.19,
1978-12-01,,6.0,33.345,
1979-01-01,7238.727,5.9,33.597,34.485661898852435
1979-02-01,,5.9,33.776,
1979-03-01,,5.8,34.04,
1979-04-01,7246.454,5.8,34.395,34.522473718042804
1979-05-01,,5.6,34.751,
1979-06-01,,5.7,35.038,
1979-07-01,7300.281,5.7,35.305,34.778908271111256
1979-08-01,,6.0,35.575,
1979-09-01,,5.9,35.889,
1979-10-01,7318.535,6.0,36.182,34.86587125124598
1979-11-01,,5.9,36.433,
1979-12-01,,6.0,36.739,
1980-01-01,7341.557,6.3,37.124,34.97554922476748
1980-02-01,,6.3,37.526,
1980-03-01,,6.3,37.987,
1980-04-01,7190.289,6.9,38.185,34.254900814609776
1980-05-01,,7.5,38.482,
1980-06-01,,7.6,38.725,
1980-07-01,7181.743,7.8,39.026,34.214187237956374
1980-08-01,,7.7,39.351,
1980-09-01,,7.5,39.715,
1980-10-01,7315.677,7.5,40.033,34.85225559455566
1980-11-01,,7.5,40.359,
1980-12-01,,7.2,40.621,
1981-01-01,7459.022,7.5,41.011,35.53515843160021
1981-02-01,,7.4,41.426,
1981-03-01,,7.4,41.715,
1981-04-01,7403.745,7.2,41.897,35.27181600512345
1981-05-01,,7.5,42.085,
1981-06-01,,7.5,42.253,
1981-07-01,7492.405,7.2,42.508,35.694196733662075
1981-08-01,,7.4,42.774,
1981-09-01,,7.6,43.033,
1981-10-01,7410.768,7.9,43.228,35.30527393267281
1981-11-01,,8.3,43.46,
1981-12-01,,8.5,43.594,
1982-01-01,7295.631,8.6,43.853,34.756755435698395
1982-02-01,,8.9,43.985,
1982-03-01,,9.0,44.098,
1982-04-01,7328.912,9.3,44.12,34.91530780459636
1982-05-01,,9.4,44.382,
1982-06-01,,9.6,44.704,
1982-07-01,7300.896,9.8,44.969,34.7818381622465
1982-08-01,,9.8,45.108,
1982-09-01,,10.1,45.233,
1982-10-01,7303.817,10.4,45.487,34.79575395412629
1982-11-01,,10.8,45.624,
1982-12-01,,10.8,45.693,
1983-01-01,7400.066,10.4,45.906,35.254289062868835
1983-02-01,,10.4,45.984,
1983-03-01,,10.3,46.043,
1983-04-01,7568.456,10.2,46.253,36.05650754785215
1983-05-01,,10.1,46.384,
1983-06-01,,10.1,46.557,
1983-07-01,7719.746,9.4,46.82,36.77726076712363
1983-08-01,,9.5,47.02,
1983-09-01,,9.2,47.185,
1983-10-01,7880.794,8.8,47.265,37.54450159240774
1983-11-01,,8.5,47.332,
1983-12-01,,8.3,47.358,
1984-01-01,8034.847,8.0,47.564,38.278417883560024
1984-02-01,,7.8,47.884,
1984-03-01,,7.8,48.041,
1984-04-01,8173.67,7.7,48.224,38.93977768367189
1984-05-01,,7.4,48.285,
1984-06-01,,7.2,48.371,
1984-07-01,8252.465,7.5,48.544,39.315161052780866
1984-08-01,,7.5,48.693,
1984-09-01,,7.3,48.759,
1984-10-01,8320.199,7.4,48.874,39.63784925791098
1984-11-01,,7.2,48.943,
1984-12-01,,7.3,49.081,
1985-01-01,8400.82,7.3,49.326,40.02193178346379
1985-02-01,,7.2,49.555,
1985-03-01,,7.2,49.749,
1985-04-01,8474.787,7.3,49.821,40.3743143161484
1985-05-01,,7.2,49.939,
1985-06-01,,7.4,50.075,
1985-07-01,8604.22,7.4,50.198,40.99093968087816
1985-08-01,,7.1,50.364,
1985-09-01,,7.1,50.449,
1985-10-01,8668.188,7.1,50.533,41.295686471349164
1985-11-01,,7.0,50.68,
1985-12-01,,7.0,50.85,
1986-01-01,8749.127,6.7,51.084,41.681283965001185
1986-02-01,,7.2,51.084,
1986-03-01,,7.2,50.972,
1986-04-01,8788.524,7.1,50.868,41.86897326753036
1986-05-01,,7.2,50.961,
1986-06-01,,7.2,51.151,
1986-07-01,8872.601,7.0,51.164,42.2695203520481
1986-08-01,,6.9,51.228,
1986-09-01,,7.0,51.396,
1986-10-01,8920.193,7.0,51.488,42.496251049460795
1986-11-01,,6.9,51.58,
1986-12-01,,6.6,51.651,
1987-01-01,8986.367,6.6,51.894,42.81150733561369
1987-02-01,,6.6,52.076,
1987-03-01,,6.6,52.214,
1987-04-01,9083.256,6.3,52.409,43.27309143675715
1987-05-01,,6.3,52.542,
1987-06-01,,6.2,52.741,
1987-07-01,9162.024,6.1,52.863,43.64834617649921
1987-08-01,,6.0,53.072,
1987-09-01,,5.9,53.251,
1987-10-01,9319.332,6.0,53.42,44.39776945244051
1987-11-01,,5.8,53.521,
1987-12-01,,5.7,53.62,
1988-01-01,9367.502,5.7,53.828,44.627253771115285
1988-02-01,,5.7,53.908,
1988-03-01,,5.7,54.093,
1988-04-01,9490.594,5.4,54.356,45.2136702908229
1988-05-01,,5.6,54.514,
1988-06-01,,5.4,54.746,
1988-07-01,9546.206,5.4,55.012,45.47860867425951
1988-08-01,,5.6,55.175,
1988-09-01,,5.4,55.444,
1988-10-01,9673.405,5.4,55.625,46.084591149889846
1988-11-01,,5.3,55.754,
1988-12-01,,5.3,55.928,
1989-01-01,9771.725,5.4,56.215,46.55299260747972
1989-02-01,,5.2,56.402,
1989-03-01,,5.0,56.612,
1989-04-01,9846.293,5.2,56.989,46.9082383345908
1989-05-01,,5.2,57.197,
1989-06-01,,5.3,57.322,
1989-07-01,9919.228,5.2,57.459,47.25570436702893
1989-08-01,,5.2,57.466,
1989-09-01,,5.3,57.594,
1989-10-01,9938.767,5.3,57.819,47.34878915221861
1989-11-01,,5.4,57.945,
1989-12-01,,5.4,58.113,
1990-01-01,10047.386,5.4,58.553,47.86625556721001
1990-02-01,,5.3,58.811,
1990-03-01,,5.2,59.033,
1990-04-01,10083.855,5.4,59.157,48.039995729505016
1990-05-01,,5.4,59.29,
1990-06-01,,5.2,59.552,
1990-07-01,10090.569,5.5,59.699,48.071981565410816
1990-08-01,,5.7,60.096,
1990-09-01,,5.9,60.465,
1990-10-01,9998.704,5.9,60.811,47.634332054614504
1990-11-01,,6.2,60.888,
1990-12-01,,6.3,60.945,
1991-01-01,9951.916,6.4,61.177,47.41143165390544
1991-02-01,,6.6,61.208,
1991-03-01,,6.8,61.221,
1991-04-01,10029.51,6.7,61.332,47.78109339821208
1991-05-01,,6.9,61.586,
1991-06-01,,6.9,61.69,
1991-07-01,10080.195,6.8,61.787,48.02255930421231
1991-08-01,,6.9,61.931,
1991-09-01,,6.9,62.144,
1991-10-01,10115.329,7.0,62.26,48.18993945892104
1991-11-01,,7.0,62.397,
1991-12-01,,7.3,62.553,
1992-01-01,10236.435,7.3,62.638,48.76689457408458
1992-02-01,,7.4,62.797,
1992-03-01,,7.4,62.949,
1992-04-01,10347.429,7.4,63.119,49.29567560931374
1992-05-01,,7.6,63.203,
1992-06-01,,7.8,63.315,
1992-07-01,10449.673,7.7,63.524,49.782771201561694
1992-08-01,,7.6,63.609,
1992-09-01,,7.6,63.713,
1992-10-01,10558.648,7.3,63.938,50.301933618576086
1992-11-01,,7.4,64.064,
1992-12-01,,7.4,64.176,
1993-01-01,10576.275,7.3,64.332,50.38590953896804
1993-02-01,,7.1,64.429,
1993-03-01,,7.0,64.561,
1993-04-01,10637.847,7.1,64.733,50.67924166413814
1993-05-01,,7.1,64.933,
1993-06-01,,7.0,64.955,
1993-07-01,10688.606,6.9,65.059,50.92106010988473
1993-08-01,,6.8,65.17,
1993-09-01,,6.7,65.238,
1993-10-01,10833.987,6.8,65.443,51.61366255400468
1993-11-01,,6.6,65.567,
1993-12-01,,6.5,65.582,
1994-01-01,10939.116,6.6,65.604,52.11450243230986
1994-02-01,,6.6,65.756,
1994-03-01,,6.5,65.937,
1994-04-01,11087.361,6.4,66.015,52.820749117423894
1994-05-01,,6.1,66.111,
1994-06-01,,6.1,66.272,
1994-07-01,11152.176,6.1,66.481,53.12953105877547
1994-08-01,,6.0,66.634,
1994-09-01,,5.9,66.708,
1994-10-01,11279.932,5.8,66.821,53.73816711060473
1994-11-01,,5.6,66.948,
1994-12-01,,5.5,66.991,
1995-01-01,11319.951,5.6,67.127,53.92881965262353
1995-02-01,,5.4,67.246,
1995-03-01,,5.4,67.37,
1995-04-01,11353.721,5.8,67.547,54.089701642277824
1995-05-01,,5.6,67.651,
1995-06-01,,5.6,67.717,
1995-07-01,11450.31,5.7,67.802,54.549856528233356
1995-08-01,,5.7,67.948,
1995-09-01,,5.6,67.995,
1995-10-01,11528.067,5.5,68.171,54.9202948127921
1995-11-01,,5.6,68.169,
1995-12-01,,5.6,68.3,
1996-01-01,11614.418,5.6,68.452,55.33167534843432
1996-02-01,,5.5,68.56,
1996-03-01,,5.5,68.767,
1996-04-01,11808.14,5.6,68.973,56.25457676388616
1996-05-01,,5.6,69.092,
1996-06-01,,5.3,69.091,
1996-07-01,11914.063,5.5,69.237,56.75919929838873
1996-08-01,,5.1,69.303,
1996-09-01,,5.2,69.499,
1996-10-01,12037.775,5.2,69.709,57.34856952948473
1996-11-01,,5.4,69.833,
1996-12-01,,5.4,69.914,
1997-01-01,12115.472,5.3,70.005,57.71872197100589
1997-02-01,,5.2,70.151,
1997-03-01,,5.2,70.225,
1997-04-01,12317.221,5.1,70.294,58.679864420836026
1997-05-01,,4.9,70.262,
1997-06-01,,5.0,70.352,
1997-07-01,12471.01,4.9,70.394,59.41252300262294
1997-08-01,,4.8,70.45,
1997-09-01,,4.9,70.62,
1997-10-01,12577.495,4.7,70.712,59.919822933577564
1997-11-01,,4.6,70.716,
1997-12-01,,4.7,70.701,
1998-01-01,12703.742,4.6,70.736,60.52127003301153
1998-02-01,,4.6,70.699,
1998-03-01,,4.7,70.71,
1998-04-01,12821.339,4.3,70.798,61.08150809452696
1998-05-01,,4.4,70.895,
1998-06-01,,4.5,70.835,
1998-07-01,12982.752,4.5,71.01,61.85048779828971
1998-08-01,,4.5,71.108,
1998-09-01,,4.6,71.067,
1998-10-01,13191.67,4.5,71.223,62.84578372706068
1998-11-01,,4.4,71.226,
1998-12-01,,4.4,71.298,
1999-01-01,13315.597,4.3,71.398,63.43617822904135
1999-02-01,,4.4,71.358,
1999-03-01,,4.2,71.412,
1999-04-01,13426.748,4.3,71.757,63.96570722021886
1999-05-01,,4.2,71.804,
1999-06-01,,4.3,71.826,
1999-07-01,13604.771,4.3,72.017,64.8138178048865
1999-08-01,,4.2,72.148,
1999-09-01,,4.2,72.407,
1999-10-01,13827.98,4.1,72.529,65.87719678115967
1999-11-01,,4.1,72.594,
1999-12-01,,4.0,72.763,
2000-01-01,13878.147,4.0,72.961,66.11619490893541
2000-02-01,,4.1,73.191,
2000-03-01,,4.0,73.505,
2000-04-01,14130.908,3.8,73.444,67.32036110932061
2000-05-01,,4.0,73.505,
2000-06-01,,4.0,73.754,
2000-07-01,14145.312,4.0,73.939,67.38898249454361
2000-08-01,,4.1,73.934,
2000-09-01,,3.9,74.252,
2000-10-01,14229.765,3.9,74.353,67.79132086209688
2000-11-01,,3.9,74.457,
2000-12-01,,3.9,74.571,
2001-01-01,14183.12,4.2,74.932,67.5691017206274
2001-02-01,,4.2,75.048,
2001-03-01,,4.3,75.055,
2001-04-01,14271.694,4.4,75.187,67.99107274081216
2001-05-01,,4.3,75.385,
2001-06-01,,4.5,75.518,
2001-07-01,14214.516,4.6,75.493,67.71867385409456
2001-08-01,,4.9,75.484,
2001-09-01,,5.0,75.227,
2001-10-01,14253.574,5.3,75.492,67.90474814346138
2001-11-01,,5.5,75.441,
2001-12-01,,5.7,75.363,
2002-01-01,14372.785,5.7,75.431,68.47267538268784
2002-02-01,,5.7,75.558,
2002-03-01,,5.7,75.763,
2002-04-01,14460.848,5.9,76.08,68.8922119730025
2002-05-01,,5.8,76.13,
2002-06-01,,5.8,76.225,
2002-07-01,14519.633,5.8,76.393,69.17226668907675
2002-08-01,,5.7,76.543,
2002-09-01,,5.7,76.681,
2002-10-01,14537.58,5.7,76.821,69.25776710566916
2002-11-01,,5.9,76.897,
2002-12-01,,6.0,76.971,
2003-01-01,14614.141,5.8,77.201,69.6225075856787
2003-02-01,,5.9,77.526,
2003-03-01,,5.9,77.725,
2003-04-01,14743.567,6.0,77.593,70.23909960205408
2003-05-01,,6.1,77.504,
2003-06-01,,6.3,77.588,
2003-07-01,14988.782,6.2,77.816,71.4073162764123
2003-08-01,,6.1,78.079,
2003-09-01,,6.1,78.323,
2003-10-01,15162.76,6.0,78.333,72.23615627629607
2003-11-01,,5.8,78.432,
2003-12-01,,5.7,78.605,
2004-01-01,15248.68,5.7,78.909,72.6454835061183
2004-02-01,,5.6,79.077,
2004-03-01,,5.8,79.199,
2004-04-01,15366.85,5.6,79.346,73.20845136864267
2004-05-01,,5.6,79.604,
2004-06-01,,5.6,79.831,
2004-07-01,15512.619,5.5,79.905,73.90290226440567
2004-08-01,,5.4,79.946,
2004-09-01,,5.4,80.104,
2004-10-01,15670.88,5.5,80.448,74.65686568059394
2004-11-01,,5.4,80.758,
2004-12-01,,5.4,80.801,
2005-01-01,15844.727,5.3,80.907,75.48508158984563
2005-02-01,,5.4,81.132,
2005-03-01,,5.2,81.375,
2005-04-01,15922.782,5.2,81.603,75.85693956149105
2005-05-01,,5.1,81.649,
2005-06-01,,5.0,81.7,
2005-07-01,16047.587,5.0,82.046,76.45151689992173
2005-08-01,,4.9,82.377,
2005-09-01,,5.0,83.172,
2005-10-01,16136.734,5.0,83.305,76.87621772111542
2005-11-01,,5.0,83.131,
2005-12-01,,4.9,83.131,
2006-01-01,16353.835,4.7,83.534,77.9104978761624
2006-02-01,,4.8,83.584,
2006-03-01,,4.7,83.746,
2006-04-01,16396.151,4.7,84.135,78.11209344247011
2006-05-01,,4.6,84.361,
2006-06-01,,4.6,84.569,
2006-07-01,16420.738,4.7,84.858,78.22922715522196
2006-08-01,,4.7,85.125,
2006-09-01,,4.5,84.902,
2006-10-01,16561.866,4.4,84.702,78.90156809202774
2006-11-01,,4.5,84.731,
2006-12-01,,4.4,85.032,
2007-01-01,16611.69,4.6,85.316,79.1389321504386
2007-02-01,,4.5,85.581,
2007-03-01,,4.4,85.894,
2007-04-01,16713.314,4.5,86.096,79.62307403129817
2007-05-01,,4.4,86.346,
2007-06-01,,4.6,86.529,
2007-07-01,16809.587,4.7,86.661,80.08172347725578
2007-08-01,,4.6,86.72,
2007-09-01,,4.7,87.054,
2007-10-01,16915.191,4.7,87.318,80.5848262796085
2007-11-01,,4.7,87.781,
2007-12-01,,5.0,87.984,
2008-01-01,16843.003,5.0,88.206,80.24091899298831
2008-02-01,,4.9,88.382,
2008-03-01,,5.1,88.635,
2008-04-01,16943.291,5.0,88.799,80.718696102211
2008-05-01,,5.4,89.18,
2008-06-01,,5.6,89.827,
2008-07-01,16854.295,5.8,90.245,80.29471465266187
2008-08-01,,6.1,90.172,
2008-09-01,,6.1,90.247,
2008-10-01,16485.35,6.5,89.651,78.53704199429637
2008-11-01,,6.8,88.593,
2008-12-01,,7.3,88.098,
2009-01-01,16298.262,7.8,88.108,77.64574529070023
2009-02-01,,8.3,88.266,
2009-03-01,,8.7,88.169,
2009-04-01,16269.145,9.0,88.295,77.50703042861068
2009-05-01,,9.4,88.387,
2009-06-01,,9.5,88.912,
2009-07-01,16326.281,9.5,88.922,77.77922922520196
2009-08-01,,9.6,89.18,
2009-09-01,,9.8,89.324,
2009-10-01,16502.754,10.0,89.663,78.61995553139865
2009-11-01,,9.9,89.887,
2009-12-01,,9.9,89.939,
2010-01-01,16582.71,9.8,90.136,79.00086996328488
2010-02-01,,9.8,90.134,
2010-03-01,,9.9,90.261,
2010-04-01,16743.162,9.9,90.31,79.76527141439566
2010-05-01,,9.6,90.339,
2010-06-01,,9.4,90.301,
2010-07-01,16872.266,9.4,90.378,80.38032940646931
2010-08-01,,9.5,90.502,
2010-09-01,,9.5,90.592,
2010-10-01,16960.864,9.4,90.881,80.80241476386912
2010-11-01,,9.8,91.062,
2010-12-01,,9.3,91.268,
2011-01-01,16920.632,9.1,91.542,80.61074747906687
2011-02-01,,9.0,91.797,
2011-03-01,,9.0,92.166,
2011-04-01,17035.114,9.1,92.557,81.15614552288099
2011-05-01,,9.0,92.838,
2011-06-01,,9.1,92.819,
2011-07-01,17031.313,9.0,92.977,81.13803736644995
2011-08-01,,9.0,93.196,
2011-09-01,,9.0,93.327,
2011-10-01,17222.583,8.8,93.329,82.04925732976581
2011-11-01,,8.6,93.52,
2011-12-01,,8.5,93.574,
2012-01-01,17367.01,8.3,93.894,82.73731486958815
2012-02-01,,8.3,94.104,
2012-03-01,,8.2,94.284,
2012-04-01,17444.525,8.2,94.408,83.10660025389531
2012-05-01,,8.2,94.302,
2012-06-01,,8.2,94.254,
2012-07-01,17469.65,8.2,94.288,83.2262970258842
2012-08-01,,8.1,94.605,
2012-09-01,,7.8,94.893,
2012-10-01,17489.852,7.8,95.174,83.32254037663917
2012-11-01,,7.7,95.109,
2012-12-01,,7.9,95.094,
2013-01-01,17662.4,8.0,95.275,84.14456778412715
2013-02-01,,7.7,95.614,
2013-03-01,,7.5,95.488,
2013-04-01,17709.671,7.6,95.391,84.36976922128876
2013-05-01,,7.5,95.461,
2013-06-01,,7.5,95.673,
2013-07-01,17860.45,7.3,95.792,85.08808801069014
2013-08-01,,7.2,95.934,
2013-09-01,,7.2,95.976,
2013-10-01,18016.147,7.2,96.103,85.82983640107227
2013-11-01,,6.9,96.246,
2013-12-01,,6.7,96.414,
2014-01-01,17953.974,6.6,96.614,85.5336410814757
2014-02-01,,6.7,96.66,
2014-03-01,,6.7,96.815,
2014-04-01,18185.911,6.2,96.987,86.63860069161629
2014-05-01,,6.3,97.147,
2014-06-01,,6.1,97.253,
2014-07-01,18406.941,6.2,97.391,87.69159880157447
2014-08-01,,6.1,97.379,
2014-09-01,,5.9,97.413,
2014-10-01,18500.031,5.7,97.384,88.13508427438815
2014-11-01,,5.8,97.291,
2014-12-01,,5.6,97.12,
2015-01-01,18666.621,5.7,96.654,88.9287274682439
2015-02-01,,5.5,96.825,
2015-03-01,,5.4,97.008,
2015-04-01,18782.243,5.4,97.094,89.47955652977214
2015-05-01,,5.6,97.327,
2015-06-01,,5.3,97.516,
2015-07-01,18857.418,5.2,97.605,89.83769403561347
2015-08-01,,5.1,97.612,
2015-09-01,,5.0,97.477,
2015-10-01,18892.206,5.0,97.477,90.00342582880545
2015-11-01,,5.1,97.538,
2015-12-01,,5.0,97.456,
2016-01-01,19001.69,4.8,97.496,90.52501314758871
2016-02-01,,4.9,97.445,
2016-03-01,,5.0,97.673,
2016-04-01,19062.709,5.1,97.993,90.81571075276239
2016-05-01,,4.8,98.153,
2016-06-01,,4.9,98.325,
2016-07-01,19197.938,4.8,98.342,91.45994855492289
2016-08-01,,4.9,98.479,
2016-09-01,,5.0,98.666,
2016-10-01,19304.352,4.9,98.868,91.96691023828303
2016-11-01,,4.7,98.901,
2016-12-01,,4.7,99.071,
2017-01-01,19398.343,4.7,99.451,92.41468812071113
2017-02-01,,4.6,99.586,
2017-03-01,,4.4,99.535,
2017-04-01,19506.949,4.4,99.725,92.9320926030444
2017-05-01,,4.4,99.682,
2017-06-01,,4.3,99.766,
2017-07-01,19660.766,4.3,99.803,93.66488457824883
2017-08-01,,4.4,100.027,
2017-09-01,,4.3,100.4,
2017-10-01,19882.352,4.2,100.531,94.72053150035532
2017-11-01,,4.2,100.675,
2017-12-01,,4.1,100.821,
2018-01-01,20044.077,4.0,101.199,95.49099758791353
2018-02-01,,4.1,101.416,
2018-03-01,,4.0,101.524,
2018-04-01,20150.476,4.0,101.766,95.99788781051426
2018-05-01,,3.8,101.941,
2018-06-01,,4.0,102.029,
2018-07-01,20276.154,3.8,102.137,96.5966241651418
2018-08-01,,3.8,102.208,
2018-09-01,,3.7,102.418,
2018-10-01,20304.874,3.8,102.595,96.73344769913267
2018-11-01,,3.8,102.63,
2018-12-01,,3.9,102.701,
2019-01-01,20415.15,4.0,102.714,97.25880814601206
2019-02-01,,3.8,102.862,
2019-03-01,,3.8,103.056,
2019-04-01,20584.528,3.6,103.371,98.06573351301425
2019-05-01,,3.7,103.426,
2019-06-01,,3.6,103.469,
2019-07-01,20817.581,3.7,103.608,99.17600980365393
2019-08-01,,3.7,103.661,
2019-09-01,,3.5,103.754,
2019-10-01,20951.088,3.6,103.961,99.81204391063574
2019-11-01,,3.6,103.997,
2019-12-01,,3.6,104.282,
2020-01-01,20665.553,3.5,104.458,98.45174071502015
2020-02-01,,3.5,104.551,
2020-03-01,,4.4,104.238,
2020-04-01,19034.83,14.7,103.796,90.68289378534836
2020-05-01,,13.2,103.89,
2020-06-01,,11.0,104.199,
2020-07-01,20511.785,10.2,104.541,97.7191821782964
2020-08-01,,8.4,104.869,
2020-09-01,,7.9,105.048,
2020-10-01,20724.128,6.9,105.124,98.73079498046286
2020-11-01,,6.7,105.197,
2020-12-01,,6.7,105.707,
2021-01-01,20990.541,6.3,106.145,100.0
2021-02-01,,6.2,106.522,
2021-03-01,,6.1,107.066,
2021-04-01,21309.544,6.1,107.662,101.5197464419807
2021-05-01,,5.8,108.207,
2021-06-01,,5.9,108.755,
2021-07-01,21483.083,5.4,109.28,102.34649502363943
2021-08-01,,5.2,109.74,
2021-09-01,,4.8,110.096,
2021-10-01,21847.602,4.5,110.808,104.0830819939324
2021-11-01,,4.2,111.494,
2021-12-01,,3.9,112.24,
2022-01-01,21738.871,4.0,112.829,103.56508200527084
2022-02-01,,3.8,113.496,
2022-03-01,,3.6,114.446,
2022-04-01,21708.16,3.6,114.789,103.41877324648279
2022-05-01,,3.6,115.446,
2022-06-01,,3.6,116.495,
2022-07-01,21851.134,3.5,116.511,104.09990862074491
2022-08-01,,3.7,116.89,
2022-09-01,,3.5,117.314,
2022-10-01,21989.981,3.7,117.842,104.76138275807183
2022-11-01,,3.6,118.104,
2022-12-01,,3.5,118.348,
2023-01-01,22112.329,3.4,119.011,105.3442548241134
2023-02-01,,3.6,119.386,
2023-03-01,,3.5,119.53,
2023-04-01,22225.35,3.4,119.893,105.8826925899623
2023-05-01,,3.7,120.02,
2023-06-01,,3.6,120.221,
2023-07-01,22506.365,3.5,120.438,107.22146227674646
2023-08-01,,3.8,120.877,
2023-09-01,,3.8,121.325,
2023-10-01,,3.9,121.385,
2023-11-01,,3.7,,
