Date,Norway,New Mexico
1900-01-01,,196.0
1900-02-01,,196.83333333333334
1900-03-01,,197.66666666666666
1900-04-01,,198.5
1900-05-01,,199.33333333333334
1900-06-01,,200.16666666666666
1900-07-01,,201.0
1900-08-01,,201.83333333333334
1900-09-01,,202.66666666666666
1900-10-01,,203.5
1900-11-01,,204.33333333333334
1900-12-01,,205.16666666666666
1901-01-01,,206.0
1901-02-01,,207.0
1901-03-01,,208.0
1901-04-01,,209.0
1901-05-01,,210.0
1901-06-01,,211.0
1901-07-01,,212.0
1901-08-01,,213.0
1901-09-01,,214.0
1901-10-01,,215.0
1901-11-01,,216.0
1901-12-01,,217.0
1902-01-01,,218.0
1902-02-01,,218.91666666666666
1902-03-01,,219.83333333333334
1902-04-01,,220.75
1902-05-01,,221.66666666666666
1902-06-01,,222.58333333333334
1902-07-01,,223.5
1902-08-01,,224.41666666666666
1902-09-01,,225.33333333333334
1902-10-01,,226.25
1902-11-01,,227.16666666666666
1902-12-01,,228.08333333333334
1903-01-01,,229.0
1903-02-01,,230.08333333333334
1903-03-01,,231.16666666666666
1903-04-01,,232.25
1903-05-01,,233.33333333333334
1903-06-01,,234.41666666666666
1903-07-01,,235.5
1903-08-01,,236.58333333333334
1903-09-01,,237.66666666666666
1903-10-01,,238.75
1903-11-01,,239.83333333333334
1903-12-01,,240.91666666666666
1904-01-01,,242.0
1904-02-01,,243.08333333333334
1904-03-01,,244.16666666666666
1904-04-01,,245.25
1904-05-01,,246.33333333333334
1904-06-01,,247.41666666666666
1904-07-01,,248.5
1904-08-01,,249.58333333333334
1904-09-01,,250.66666666666666
1904-10-01,,251.75
1904-11-01,,252.83333333333334
1904-12-01,,253.91666666666666
1905-01-01,,255.0
1905-02-01,,256.1666666666667
1905-03-01,,257.3333333333333
1905-04-01,,258.5
1905-05-01,,259.6666666666667
1905-06-01,,260.8333333333333
1905-07-01,,262.0
1905-08-01,,263.1666666666667
1905-09-01,,264.3333333333333
1905-10-01,,265.5
1905-11-01,,266.6666666666667
1905-12-01,,267.8333333333333
1906-01-01,,269.0
1906-02-01,,270.1666666666667
1906-03-01,,271.3333333333333
1906-04-01,,272.5
1906-05-01,,273.6666666666667
1906-06-01,,274.8333333333333
1906-07-01,,276.0
1906-08-01,,277.1666666666667
1906-09-01,,278.3333333333333
1906-10-01,,279.5
1906-11-01,,280.6666666666667
1906-12-01,,281.8333333333333
1907-01-01,,283.0
1907-02-01,,284.25
1907-03-01,,285.5
1907-04-01,,286.75
1907-05-01,,288.0
1907-06-01,,289.25
1907-07-01,,290.5
1907-08-01,,291.75
1907-09-01,,293.0
1907-10-01,,294.25
1907-11-01,,295.5
1907-12-01,,296.75
1908-01-01,,298.0
1908-02-01,,299.3333333333333
1908-03-01,,300.6666666666667
1908-04-01,,302.0
1908-05-01,,303.3333333333333
1908-06-01,,304.6666666666667
1908-07-01,,306.0
1908-08-01,,307.3333333333333
1908-09-01,,308.6666666666667
1908-10-01,,310.0
1908-11-01,,311.3333333333333
1908-12-01,,312.6666666666667
1909-01-01,,314.0
1909-02-01,,315.25
1909-03-01,,316.5
1909-04-01,,317.75
1909-05-01,,319.0
1909-06-01,,320.25
1909-07-01,,321.5
1909-08-01,,322.75
1909-09-01,,324.0
1909-10-01,,325.25
1909-11-01,,326.5
1909-12-01,,327.75
1910-01-01,,329.0
1910-02-01,,329.4166666666667
1910-03-01,,329.8333333333333
1910-04-01,,330.25
1910-05-01,,330.6666666666667
1910-06-01,,331.0833333333333
1910-07-01,,331.5
1910-08-01,,331.9166666666667
1910-09-01,,332.3333333333333
1910-10-01,,332.75
1910-11-01,,333.1666666666667
1910-12-01,,333.5833333333333
1911-01-01,,334.0
1911-02-01,,334.3333333333333
1911-03-01,,334.6666666666667
1911-04-01,,335.0
1911-05-01,,335.3333333333333
1911-06-01,,335.6666666666667
1911-07-01,,336.0
1911-08-01,,336.3333333333333
1911-09-01,,336.6666666666667
1911-10-01,,337.0
1911-11-01,,337.3333333333333
1911-12-01,,337.6666666666667
1912-01-01,,338.0
1912-02-01,,338.5
1912-03-01,,339.0
1912-04-01,,339.5
1912-05-01,,340.0
1912-06-01,,340.5
1912-07-01,,341.0
1912-08-01,,341.5
1912-09-01,,342.0
1912-10-01,,342.5
1912-11-01,,343.0
1912-12-01,,343.5
1913-01-01,,344.0
1913-02-01,,344.3333333333333
1913-03-01,,344.6666666666667
1913-04-01,,345.0
1913-05-01,,345.3333333333333
1913-06-01,,345.6666666666667
1913-07-01,,346.0
1913-08-01,,346.3333333333333
1913-09-01,,346.6666666666667
1913-10-01,,347.0
1913-11-01,,347.3333333333333
1913-12-01,,347.6666666666667
1914-01-01,,348.0
1914-02-01,,348.25
1914-03-01,,348.5
1914-04-01,,348.75
1914-05-01,,349.0
1914-06-01,,349.25
1914-07-01,,349.5
1914-08-01,,349.75
1914-09-01,,350.0
1914-10-01,,350.25
1914-11-01,,350.5
1914-12-01,,350.75
1915-01-01,,351.0
1915-02-01,,351.25
1915-03-01,,351.5
1915-04-01,,351.75
1915-05-01,,352.0
1915-06-01,,352.25
1915-07-01,,352.5
1915-08-01,,352.75
1915-09-01,,353.0
1915-10-01,,353.25
1915-11-01,,353.5
1915-12-01,,353.75
1916-01-01,,354.0
1916-02-01,,354.5833333333333
1916-03-01,,355.1666666666667
1916-04-01,,355.75
1916-05-01,,356.3333333333333
1916-06-01,,356.9166666666667
1916-07-01,,357.5
1916-08-01,,358.0833333333333
1916-09-01,,358.6666666666667
1916-10-01,,359.25
1916-11-01,,359.8333333333333
1916-12-01,,360.4166666666667
1917-01-01,,361.0
1917-02-01,,362.75
1917-03-01,,364.5
1917-04-01,,366.25
1917-05-01,,368.0
1917-06-01,,369.75
1917-07-01,,371.5
1917-08-01,,373.25
1917-09-01,,375.0
1917-10-01,,376.75
1917-11-01,,378.5
1917-12-01,,380.25
1918-01-01,,382.0
1918-02-01,,380.3333333333333
1918-03-01,,378.6666666666667
1918-04-01,,377.0
1918-05-01,,375.3333333333333
1918-06-01,,373.6666666666667
1918-07-01,,372.0
1918-08-01,,370.3333333333333
1918-09-01,,368.6666666666667
1918-10-01,,367.0
1918-11-01,,365.3333333333333
1918-12-01,,363.6666666666667
1919-01-01,,362.0
1919-02-01,,362.0833333333333
1919-03-01,,362.1666666666667
1919-04-01,,362.25
1919-05-01,,362.3333333333333
1919-06-01,,362.4166666666667
1919-07-01,,362.5
1919-08-01,,362.5833333333333
1919-09-01,,362.6666666666667
1919-10-01,,362.75
1919-11-01,,362.8333333333333
1919-12-01,,362.9166666666667
1920-01-01,,363.0
1920-02-01,,363.5833333333333
1920-03-01,,364.1666666666667
1920-04-01,,364.75
1920-05-01,,365.3333333333333
1920-06-01,,365.9166666666667
1920-07-01,,366.5
1920-08-01,,367.0833333333333
1920-09-01,,367.6666666666667
1920-10-01,,368.25
1920-11-01,,368.8333333333333
1920-12-01,,369.4166666666667
1921-01-01,,370.0
1921-02-01,,370.4166666666667
1921-03-01,,370.8333333333333
1921-04-01,,371.25
1921-05-01,,371.6666666666667
1921-06-01,,372.0833333333333
1921-07-01,,372.5
1921-08-01,,372.9166666666667
1921-09-01,,373.3333333333333
1921-10-01,,373.75
1921-11-01,,374.1666666666667
1921-12-01,,374.5833333333333
1922-01-01,,375.0
1922-02-01,,375.5833333333333
1922-03-01,,376.1666666666667
1922-04-01,,376.75
1922-05-01,,377.3333333333333
1922-06-01,,377.9166666666667
1922-07-01,,378.5
1922-08-01,,379.0833333333333
1922-09-01,,379.6666666666667
1922-10-01,,380.25
1922-11-01,,380.8333333333333
1922-12-01,,381.4166666666667
1923-01-01,,382.0
1923-02-01,,382.6666666666667
1923-03-01,,383.3333333333333
1923-04-01,,384.0
1923-05-01,,384.6666666666667
1923-06-01,,385.3333333333333
1923-07-01,,386.0
1923-08-01,,386.6666666666667
1923-09-01,,387.3333333333333
1923-10-01,,388.0
1923-11-01,,388.6666666666667
1923-12-01,,389.3333333333333
1924-01-01,,390.0
1924-02-01,,390.5
1924-03-01,,391.0
1924-04-01,,391.5
1924-05-01,,392.0
1924-06-01,,392.5
1924-07-01,,393.0
1924-08-01,,393.5
1924-09-01,,394.0
1924-10-01,,394.5
1924-11-01,,395.0
1924-12-01,,395.5
1925-01-01,,396.0
1925-02-01,,396.5833333333333
1925-03-01,,397.1666666666667
1925-04-01,,397.75
1925-05-01,,398.3333333333333
1925-06-01,,398.9166666666667
1925-07-01,,399.5
1925-08-01,,400.0833333333333
1925-09-01,,400.6666666666667
1925-10-01,,401.25
1925-11-01,,401.8333333333333
1925-12-01,,402.4166666666667
1926-01-01,,403.0
1926-02-01,,403.5833333333333
1926-03-01,,404.1666666666667
1926-04-01,,404.75
1926-05-01,,405.3333333333333
1926-06-01,,405.9166666666667
1926-07-01,,406.5
1926-08-01,,407.0833333333333
1926-09-01,,407.6666666666667
1926-10-01,,408.25
1926-11-01,,408.8333333333333
1926-12-01,,409.4166666666667
1927-01-01,,410.0
1927-02-01,,410.5
1927-03-01,,411.0
1927-04-01,,411.5
1927-05-01,,412.0
1927-06-01,,412.5
1927-07-01,,413.0
1927-08-01,,413.5
1927-09-01,,414.0
1927-10-01,,414.5
1927-11-01,,415.0
1927-12-01,,415.5
1928-01-01,,416.0
1928-02-01,,416.3333333333333
1928-03-01,,416.6666666666667
1928-04-01,,417.0
1928-05-01,,417.3333333333333
1928-06-01,,417.6666666666667
1928-07-01,,418.0
1928-08-01,,418.3333333333333
1928-09-01,,418.6666666666667
1928-10-01,,419.0
1928-11-01,,419.3333333333333
1928-12-01,,419.6666666666667
1929-01-01,,420.0
1929-02-01,,420.5833333333333
1929-03-01,,421.1666666666667
1929-04-01,,421.75
1929-05-01,,422.3333333333333
1929-06-01,,422.9166666666667
1929-07-01,,423.5
1929-08-01,,424.0833333333333
1929-09-01,,424.6666666666667
1929-10-01,,425.25
1929-11-01,,425.8333333333333
1929-12-01,,426.4166666666667
1930-01-01,,427.0
1930-02-01,,427.75
1930-03-01,,428.5
1930-04-01,,429.25
1930-05-01,,430.0
1930-06-01,,430.75
1930-07-01,,431.5
1930-08-01,,432.25
1930-09-01,,433.0
1930-10-01,,433.75
1930-11-01,,434.5
1930-12-01,,435.25
1931-01-01,,436.0
1931-02-01,,436.4166666666667
1931-03-01,,436.8333333333333
1931-04-01,,437.25
1931-05-01,,437.6666666666667
1931-06-01,,438.0833333333333
1931-07-01,,438.5
1931-08-01,,438.9166666666667
1931-09-01,,439.3333333333333
1931-10-01,,439.75
1931-11-01,,440.1666666666667
1931-12-01,,440.5833333333333
1932-01-01,,441.0
1932-02-01,,441.6666666666667
1932-03-01,,442.3333333333333
1932-04-01,,443.0
1932-05-01,,443.6666666666667
1932-06-01,,444.3333333333333
1932-07-01,,445.0
1932-08-01,,445.6666666666667
1932-09-01,,446.3333333333333
1932-10-01,,447.0
1932-11-01,,447.6666666666667
1932-12-01,,448.3333333333333
1933-01-01,,449.0
1933-02-01,,450.0
1933-03-01,,451.0
1933-04-01,,452.0
1933-05-01,,453.0
1933-06-01,,454.0
1933-07-01,,455.0
1933-08-01,,456.0
1933-09-01,,457.0
1933-10-01,,458.0
1933-11-01,,459.0
1933-12-01,,460.0
1934-01-01,,461.0
1934-02-01,,462.1666666666667
1934-03-01,,463.3333333333333
1934-04-01,,464.5
1934-05-01,,465.6666666666667
1934-06-01,,466.8333333333333
1934-07-01,,468.0
1934-08-01,,469.1666666666667
1934-09-01,,470.3333333333333
1934-10-01,,471.5
1934-11-01,,472.6666666666667
1934-12-01,,473.8333333333333
1935-01-01,,475.0
1935-02-01,,476.1666666666667
1935-03-01,,477.3333333333333
1935-04-01,,478.5
1935-05-01,,479.6666666666667
1935-06-01,,480.8333333333333
1935-07-01,,482.0
1935-08-01,,483.1666666666667
1935-09-01,,484.3333333333333
1935-10-01,,485.5
1935-11-01,,486.6666666666667
1935-12-01,,487.8333333333333
1936-01-01,,489.0
1936-02-01,,490.1666666666667
1936-03-01,,491.3333333333333
1936-04-01,,492.5
1936-05-01,,493.6666666666667
1936-06-01,,494.8333333333333
1936-07-01,,496.0
1936-08-01,,497.1666666666667
1936-09-01,,498.3333333333333
1936-10-01,,499.5
1936-11-01,,500.6666666666667
1936-12-01,,501.8333333333333
1937-01-01,,503.0
1937-02-01,,503.8333333333333
1937-03-01,,504.6666666666667
1937-04-01,,505.5
1937-05-01,,506.3333333333333
1937-06-01,,507.1666666666667
1937-07-01,,508.0
1937-08-01,,508.8333333333333
1937-09-01,,509.6666666666667
1937-10-01,,510.5
1937-11-01,,511.3333333333333
1937-12-01,,512.1666666666666
1938-01-01,,513.0
1938-02-01,,513.8333333333334
1938-03-01,,514.6666666666666
1938-04-01,,515.5
1938-05-01,,516.3333333333334
1938-06-01,,517.1666666666666
1938-07-01,,518.0
1938-08-01,,518.8333333333334
1938-09-01,,519.6666666666666
1938-10-01,,520.5
1938-11-01,,521.3333333333334
1938-12-01,,522.1666666666666
1939-01-01,,523.0
1939-02-01,,523.6666666666666
1939-03-01,,524.3333333333334
1939-04-01,,525.0
1939-05-01,,525.6666666666666
1939-06-01,,526.3333333333334
1939-07-01,,527.0
1939-08-01,,527.6666666666666
1939-09-01,,528.3333333333334
1939-10-01,,529.0
1939-11-01,,529.6666666666666
1939-12-01,,530.3333333333334
1940-01-01,,531.0
1940-02-01,,528.9166666666666
1940-03-01,,526.8333333333334
1940-04-01,,524.75
1940-05-01,,522.6666666666666
1940-06-01,,520.5833333333334
1940-07-01,,518.5
1940-08-01,,516.4166666666666
1940-09-01,,514.3333333333334
1940-10-01,,512.25
1940-11-01,,510.1666666666667
1940-12-01,,508.0833333333333
1941-01-01,,506.0
1941-02-01,,505.6666666666667
1941-03-01,,505.3333333333333
1941-04-01,,505.0
1941-05-01,,504.6666666666667
1941-06-01,,504.3333333333333
1941-07-01,,504.0
1941-08-01,,503.6666666666667
1941-09-01,,503.3333333333333
1941-10-01,,503.0
1941-11-01,,502.6666666666667
1941-12-01,,502.3333333333333
1942-01-01,,502.0
1942-02-01,,504.6666666666667
1942-03-01,,507.3333333333333
1942-04-01,,510.0
1942-05-01,,512.6666666666666
1942-06-01,,515.3333333333334
1942-07-01,,518.0
1942-08-01,,520.6666666666666
1942-09-01,,523.3333333333334
1942-10-01,,526.0
1942-11-01,,528.6666666666666
1942-12-01,,531.3333333333334
1943-01-01,,534.0
1943-02-01,,533.4166666666666
1943-03-01,,532.8333333333334
1943-04-01,,532.25
1943-05-01,,531.6666666666666
1943-06-01,,531.0833333333334
1943-07-01,,530.5
1943-08-01,,529.9166666666666
1943-09-01,,529.3333333333334
1943-10-01,,528.75
1943-11-01,,528.1666666666666
1943-12-01,,527.5833333333334
1944-01-01,,527.0
1944-02-01,,527.8333333333334
1944-03-01,,528.6666666666666
1944-04-01,,529.5
1944-05-01,,530.3333333333334
1944-06-01,,531.1666666666666
1944-07-01,,532.0
1944-08-01,,532.8333333333334
1944-09-01,,533.6666666666666
1944-10-01,,534.5
1944-11-01,,535.3333333333334
1944-12-01,,536.1666666666666
1945-01-01,,537.0
1945-02-01,,539.0
1945-03-01,,541.0
1945-04-01,,543.0
1945-05-01,,545.0
1945-06-01,,547.0
1945-07-01,,549.0
1945-08-01,,551.0
1945-09-01,,553.0
1945-10-01,,555.0
1945-11-01,,557.0
1945-12-01,,559.0
1946-01-01,,561.0
1946-02-01,,562.75
1946-03-01,,564.5
1946-04-01,,566.25
1946-05-01,,568.0
1946-06-01,,569.75
1946-07-01,,571.5
1946-08-01,,573.25
1946-09-01,,575.0
1946-10-01,,576.75
1946-11-01,,578.5
1946-12-01,,580.25
1947-01-01,,582.0
1947-02-01,,583.8333333333334
1947-03-01,,585.6666666666666
1947-04-01,,587.5
1947-05-01,,589.3333333333334
1947-06-01,,591.1666666666666
1947-07-01,,593.0
1947-08-01,,594.8333333333334
1947-09-01,,596.6666666666666
1947-10-01,,598.5
1947-11-01,,600.3333333333334
1947-12-01,,602.1666666666666
1948-01-01,,604.0
1948-02-01,,607.3333333333334
1948-03-01,,610.6666666666666
1948-04-01,,614.0
1948-05-01,,617.3333333333334
1948-06-01,,620.6666666666666
1948-07-01,,624.0
1948-08-01,,627.3333333333334
1948-09-01,,630.6666666666666
1948-10-01,,634.0
1948-11-01,,637.3333333333334
1948-12-01,,640.6666666666666
1949-01-01,,644.0
1949-02-01,,647.75
1949-03-01,,651.5
1949-04-01,,655.25
1949-05-01,,659.0
1949-06-01,,662.75
1949-07-01,,666.5
1949-08-01,,670.25
1949-09-01,,674.0
1949-10-01,,677.75
1949-11-01,,681.5
1949-12-01,,685.25
1950-01-01,,689.0
1950-02-01,,691.3333333333334
1950-03-01,,693.6666666666666
1950-04-01,,696.0
1950-05-01,,698.3333333333334
1950-06-01,,700.6666666666666
1950-07-01,,703.0
1950-08-01,,705.3333333333334
1950-09-01,,707.6666666666666
1950-10-01,,710.0
1950-11-01,,712.3333333333334
1950-12-01,,714.6666666666666
1951-01-01,3280.296,717.0
1951-02-01,3282.8397499999996,718.5
1951-03-01,3285.3835,720.0
1951-04-01,3287.9272499999997,721.5
1951-05-01,3290.471,723.0
1951-06-01,3293.01475,724.5
1951-07-01,3295.5585,726.0
1951-08-01,3298.10225,727.5
1951-09-01,3300.6459999999997,729.0
1951-10-01,3303.18975,730.5
1951-11-01,3305.7335,732.0
1951-12-01,3308.27725,733.5
1952-01-01,3310.821,735.0
1952-02-01,3313.4820833333333,736.75
1952-03-01,3316.1431666666667,738.5
1952-04-01,3318.80425,740.25
1952-05-01,3321.465333333333,742.0
1952-06-01,3324.1264166666665,743.75
1952-07-01,3326.7875,745.5
1952-08-01,3329.4485833333333,747.25
1952-09-01,3332.1096666666667,749.0
1952-10-01,3334.7707499999997,750.75
1952-11-01,3337.431833333333,752.5
1952-12-01,3340.0929166666665,754.25
1953-01-01,3342.754,756.0
1953-02-01,3345.5136666666667,756.5833333333334
1953-03-01,3348.273333333333,757.1666666666666
1953-04-01,3351.033,757.75
1953-05-01,3353.7926666666667,758.3333333333334
1953-06-01,3356.552333333333,758.9166666666666
1953-07-01,3359.312,759.5
1953-08-01,3362.0716666666667,760.0833333333334
1953-09-01,3364.831333333333,760.6666666666666
1953-10-01,3367.591,761.25
1953-11-01,3370.3506666666667,761.8333333333334
1953-12-01,3373.110333333333,762.4166666666666
1954-01-01,3375.87,763.0
1954-02-01,3378.5609166666663,764.8333333333334
1954-03-01,3381.2518333333333,766.6666666666666
1954-04-01,3383.94275,768.5
1954-05-01,3386.6336666666666,770.3333333333334
1954-06-01,3389.324583333333,772.1666666666666
1954-07-01,3392.0155,774.0
1954-08-01,3394.706416666667,775.8333333333334
1954-09-01,3397.3973333333333,777.6666666666666
1954-10-01,3400.08825,779.5
1954-11-01,3402.7791666666667,781.3333333333334
1954-12-01,3405.4700833333336,783.1666666666666
1955-01-01,3408.161,785.0
1955-02-01,3411.2870000000003,786.75
1955-03-01,3414.413,788.5
1955-04-01,3417.5389999999998,790.25
1955-05-01,3420.665,792.0
1955-06-01,3423.791,793.75
1955-07-01,3426.917,795.5
1955-08-01,3430.0429999999997,797.25
1955-09-01,3433.169,799.0
1955-10-01,3436.295,800.75
1955-11-01,3439.421,802.5
1955-12-01,3442.5469999999996,804.25
1956-01-01,3445.673,806.0
1956-02-01,3448.349083333333,809.4166666666666
1956-03-01,3451.0251666666663,812.8333333333334
1956-04-01,3453.70125,816.25
1956-05-01,3456.3773333333334,819.6666666666666
1956-06-01,3459.0534166666666,823.0833333333334
1956-07-01,3461.7295,826.5
1956-08-01,3464.405583333333,829.9166666666666
1956-09-01,3467.0816666666665,833.3333333333334
1956-10-01,3469.7577499999998,836.75
1956-11-01,3472.4338333333335,840.1666666666666
1956-12-01,3475.109916666667,843.5833333333334
1957-01-01,3477.786,847.0
1957-02-01,3480.4870833333334,850.25
1957-03-01,3483.188166666667,853.5
1957-04-01,3485.88925,856.75
1957-05-01,3488.5903333333335,860.0
1957-06-01,3491.291416666667,863.25
1957-07-01,3493.9925000000003,866.5
1957-08-01,3496.693583333333,869.75
1957-09-01,3499.3946666666666,873.0
1957-10-01,3502.09575,876.25
1957-11-01,3504.7968333333333,879.5
1957-12-01,3507.4979166666667,882.75
1958-01-01,3510.199,886.0
1958-02-01,3512.726666666667,888.75
1958-03-01,3515.2543333333333,891.5
1958-04-01,3517.782,894.25
1958-05-01,3520.3096666666665,897.0
1958-06-01,3522.8373333333334,899.75
1958-07-01,3525.365,902.5
1958-08-01,3527.8926666666666,905.25
1958-09-01,3530.4203333333335,908.0
1958-10-01,3532.948,910.75
1958-11-01,3535.4756666666667,913.5
1958-12-01,3538.003333333333,916.25
1959-01-01,3540.531,919.0
1959-02-01,3543.0329166666666,921.9166666666666
1959-03-01,3545.534833333333,924.8333333333334
1959-04-01,3548.03675,927.75
1959-05-01,3550.538666666667,930.6666666666666
1959-06-01,3553.0405833333334,933.5833333333334
1959-07-01,3555.5425,936.5
1959-08-01,3558.0444166666666,939.4166666666666
1959-09-01,3560.546333333333,942.3333333333334
1959-10-01,3563.04825,945.25
1959-11-01,3565.550166666667,948.1666666666666
1959-12-01,3568.0520833333335,951.0833333333334
1960-01-01,3570.554,954.0
1960-02-01,3572.5720833333335,954.9166666666666
1960-03-01,3574.590166666667,955.8333333333334
1960-04-01,3576.60825,956.75
1960-05-01,3578.6263333333336,957.6666666666666
1960-06-01,3580.644416666667,958.5833333333334
1960-07-01,3582.6625000000004,959.5
1960-08-01,3584.6805833333333,960.4166666666666
1960-09-01,3586.6986666666667,961.3333333333334
1960-10-01,3588.71675,962.25
1960-11-01,3590.7348333333334,963.1666666666666
1960-12-01,3592.752916666667,964.0833333333334
1961-01-01,3594.771,965.0
1961-02-01,3597.2758333333336,966.1666666666666
1961-03-01,3599.780666666667,967.3333333333334
1961-04-01,3602.2855,968.5
1961-05-01,3604.7903333333334,969.6666666666666
1961-06-01,3607.295166666667,970.8333333333334
1961-07-01,3609.8,972.0
1961-08-01,3612.3048333333336,973.1666666666666
1961-09-01,3614.809666666667,974.3333333333334
1961-10-01,3617.3145000000004,975.5
1961-11-01,3619.8193333333334,976.6666666666666
1961-12-01,3622.3241666666668,977.8333333333334
1962-01-01,3624.829,979.0
1962-02-01,3627.1773333333335,979.8333333333334
1962-03-01,3629.525666666667,980.6666666666666
1962-04-01,3631.8740000000003,981.5
1962-05-01,3634.2223333333336,982.3333333333334
1962-06-01,3636.570666666667,983.1666666666666
1962-07-01,3638.919,984.0
1962-08-01,3641.267333333333,984.8333333333334
1962-09-01,3643.6156666666666,985.6666666666666
1962-10-01,3645.964,986.5
1962-11-01,3648.3123333333333,987.3333333333334
1962-12-01,3650.6606666666667,988.1666666666666
1963-01-01,3653.009,989.0
1963-02-01,3655.263916666667,990.4166666666666
1963-03-01,3657.5188333333335,991.8333333333334
1963-04-01,3659.7737500000003,993.25
1963-05-01,3662.0286666666666,994.6666666666666
1963-06-01,3664.2835833333334,996.0833333333334
1963-07-01,3666.5385,997.5
1963-08-01,3668.793416666667,998.9166666666666
1963-09-01,3671.0483333333336,1000.3333333333334
1963-10-01,3673.30325,1001.75
1963-11-01,3675.5581666666667,1003.1666666666666
1963-12-01,3677.8130833333335,1004.5833333333334
1964-01-01,3680.068,1006.0
1964-02-01,3682.4464166666667,1006.5
1964-03-01,3684.8248333333336,1007.0
1964-04-01,3687.20325,1007.5
1964-05-01,3689.581666666667,1008.0
1964-06-01,3691.9600833333334,1008.5
1964-07-01,3694.3385,1009.0
1964-08-01,3696.7169166666667,1009.5
1964-09-01,3699.095333333333,1010.0
1964-10-01,3701.47375,1010.5
1964-11-01,3703.8521666666666,1011.0
1964-12-01,3706.2305833333335,1011.5
1965-01-01,3708.609,1012.0
1965-02-01,3711.0329166666666,1011.5833333333334
1965-03-01,3713.456833333333,1011.1666666666666
1965-04-01,3715.88075,1010.75
1965-05-01,3718.3046666666664,1010.3333333333334
1965-06-01,3720.728583333333,1009.9166666666666
1965-07-01,3723.1525,1009.5
1965-08-01,3725.576416666667,1009.0833333333334
1965-09-01,3728.0003333333334,1008.6666666666666
1965-10-01,3730.42425,1008.25
1965-11-01,3732.8481666666667,1007.8333333333334
1965-12-01,3735.2720833333333,1007.4166666666666
1966-01-01,3737.696,1007.0
1966-02-01,3740.3512499999997,1006.4166666666666
1966-03-01,3743.0065,1005.8333333333334
1966-04-01,3745.66175,1005.25
1966-05-01,3748.317,1004.6666666666666
1966-06-01,3750.97225,1004.0833333333334
1966-07-01,3753.6275,1003.5
1966-08-01,3756.2827500000003,1002.9166666666666
1966-09-01,3758.938,1002.3333333333334
1966-10-01,3761.59325,1001.75
1966-11-01,3764.2485,1001.1666666666666
1966-12-01,3766.9037500000004,1000.5833333333334
1967-01-01,3769.559,1000.0
1967-02-01,3772.3023333333335,999.5
1967-03-01,3775.045666666667,999.0
1967-04-01,3777.789,998.5
1967-05-01,3780.5323333333336,998.0
1967-06-01,3783.275666666667,997.5
1967-07-01,3786.0190000000002,997.0
1967-08-01,3788.762333333333,996.5
1967-09-01,3791.5056666666665,996.0
1967-10-01,3794.249,995.5
1967-11-01,3796.992333333333,995.0
1967-12-01,3799.7356666666665,994.5
1968-01-01,3802.479,994.0
1968-02-01,3805.2295833333333,995.4166666666666
1968-03-01,3807.9801666666663,996.8333333333334
1968-04-01,3810.7307499999997,998.25
1968-05-01,3813.481333333333,999.6666666666666
1968-06-01,3816.2319166666666,1001.0833333333334
1968-07-01,3818.9825,1002.5
1968-08-01,3821.733083333333,1003.9166666666666
1968-09-01,3824.4836666666665,1005.3333333333334
1968-10-01,3827.23425,1006.75
1968-11-01,3829.984833333333,1008.1666666666666
1968-12-01,3832.7354166666664,1009.5833333333334
1969-01-01,3835.486,1011.0
1969-02-01,3838.067833333333,1011.5045833333334
1969-03-01,3840.6496666666667,1012.0091666666667
1969-04-01,3843.2315,1012.51375
1969-05-01,3845.813333333333,1013.0183333333333
1969-06-01,3848.3951666666667,1013.5229166666667
1969-07-01,3850.977,1014.0274999999999
1969-08-01,3853.558833333333,1014.5320833333333
1969-09-01,3856.1406666666667,1015.0366666666666
1969-10-01,3858.7225,1015.54125
1969-11-01,3861.304333333333,1016.0458333333333
1969-12-01,3863.8861666666667,1016.5504166666666
1970-01-01,3866.468,1017.055
1970-02-01,3868.28775,1020.1118333333333
1970-03-01,3870.1075,1023.1686666666667
1970-04-01,3871.9272499999997,1026.2255
1970-05-01,3873.747,1029.2823333333333
1970-06-01,3875.56675,1032.3391666666666
1970-07-01,3877.3864999999996,1035.396
1970-08-01,3879.2062499999997,1038.4528333333333
1970-09-01,3881.026,1041.5096666666668
1970-10-01,3882.84575,1044.5665000000001
1970-11-01,3884.6655,1047.6233333333334
1970-12-01,3886.4852499999997,1050.6801666666668
1971-01-01,3888.305,1053.737
1971-02-01,3890.7606666666666,1055.817
1971-03-01,3893.2163333333333,1057.897
1971-04-01,3895.672,1059.977
1971-05-01,3898.1276666666668,1062.057
1971-06-01,3900.5833333333335,1064.137
1971-07-01,3903.0389999999998,1066.217
1971-08-01,3905.4946666666665,1068.297
1971-09-01,3907.950333333333,1070.377
1971-10-01,3910.406,1072.4569999999999
1971-11-01,3912.8616666666667,1074.5369999999998
1971-12-01,3915.3173333333334,1076.617
1972-01-01,3917.773,1078.697
1972-02-01,3920.3115000000003,1080.933
1972-03-01,3922.8500000000004,1083.1689999999999
1972-04-01,3925.3885,1085.405
1972-05-01,3927.927,1087.6409999999998
1972-06-01,3930.4655000000002,1089.877
1972-07-01,3933.004,1092.1129999999998
1972-08-01,3935.5425,1094.349
1972-09-01,3938.081,1096.585
1972-10-01,3940.6195000000002,1098.821
1972-11-01,3943.1580000000004,1101.057
1972-12-01,3945.6965,1103.293
1973-01-01,3948.235,1105.529
1973-02-01,3950.297916666667,1107.6773333333333
1973-03-01,3952.360833333333,1109.8256666666666
1973-04-01,3954.42375,1111.974
1973-05-01,3956.4866666666667,1114.1223333333332
1973-06-01,3958.5495833333334,1116.2706666666666
1973-07-01,3960.6125,1118.4189999999999
1973-08-01,3962.6754166666665,1120.5673333333334
1973-09-01,3964.7383333333332,1122.7156666666667
1973-10-01,3966.80125,1124.864
1973-11-01,3968.8641666666663,1127.0123333333333
1973-12-01,3970.927083333333,1129.1606666666667
1974-01-01,3972.99,1131.309
1974-02-01,3975.034583333333,1133.69525
1974-03-01,3977.0791666666664,1136.0815
1974-04-01,3979.1237499999997,1138.46775
1974-05-01,3981.168333333333,1140.854
1974-06-01,3983.2129166666664,1143.24025
1974-07-01,3985.2574999999997,1145.6264999999999
1974-08-01,3987.3020833333335,1148.0127499999999
1974-09-01,3989.346666666667,1150.399
1974-10-01,3991.39125,1152.78525
1974-11-01,3993.4358333333334,1155.1715
1974-12-01,3995.4804166666668,1157.55775
1975-01-01,3997.525,1159.944
1975-02-01,3999.1563333333334,1162.3899166666665
1975-03-01,4000.7876666666666,1164.8358333333333
1975-04-01,4002.419,1167.28175
1975-05-01,4004.0503333333336,1169.7276666666667
1975-06-01,4005.681666666667,1172.1735833333332
1975-07-01,4007.313,1174.6195
1975-08-01,4008.9443333333334,1177.0654166666668
1975-09-01,4010.5756666666666,1179.5113333333334
1975-10-01,4012.2070000000003,1181.95725
1975-11-01,4013.8383333333336,1184.4031666666667
1975-12-01,4015.469666666667,1186.8490833333335
1976-01-01,4017.101,1189.295
1976-02-01,4018.6094166666667,1191.4970833333334
1976-03-01,4020.1178333333337,1193.6991666666668
1976-04-01,4021.6262500000003,1195.9012500000001
1976-05-01,4023.134666666667,1198.1033333333335
1976-06-01,4024.6430833333334,1200.3054166666668
1976-07-01,4026.1515,1202.5075000000002
1976-08-01,4027.659916666667,1204.7095833333333
1976-09-01,4029.1683333333335,1206.9116666666666
1976-10-01,4030.67675,1209.11375
1976-11-01,4032.185166666667,1211.3158333333333
1976-12-01,4033.6935833333337,1213.5179166666667
1977-01-01,4035.202,1215.72
1977-02-01,4036.5358333333334,1217.5795
1977-03-01,4037.869666666667,1219.439
1977-04-01,4039.2035,1221.2985
1977-05-01,4040.5373333333337,1223.1580000000001
1977-06-01,4041.871166666667,1225.0175000000002
1977-07-01,4043.205,1226.877
1977-08-01,4044.5388333333335,1228.7365
1977-09-01,4045.8726666666666,1230.596
1977-10-01,4047.2065000000002,1232.4555
1977-11-01,4048.5403333333334,1234.315
1977-12-01,4049.874166666667,1236.1745
1978-01-01,4051.208,1238.034
1978-02-01,4052.4518333333335,1241.9246666666668
1978-03-01,4053.6956666666665,1245.8153333333335
1978-04-01,4054.9395,1249.7060000000001
1978-05-01,4056.1833333333334,1253.5966666666668
1978-06-01,4057.427166666667,1257.4873333333335
1978-07-01,4058.6710000000003,1261.3780000000002
1978-08-01,4059.9148333333333,1265.2686666666666
1978-09-01,4061.1586666666667,1269.1593333333333
1978-10-01,4062.4025,1273.05
1978-11-01,4063.646333333333,1276.9406666666666
1978-12-01,4064.8901666666666,1280.8313333333333
1979-01-01,4066.134,1284.722
1979-02-01,4067.197833333333,1286.7785
1979-03-01,4068.2616666666668,1288.835
1979-04-01,4069.3255,1290.8915
1979-05-01,4070.3893333333335,1292.948
1979-06-01,4071.4531666666667,1295.0045
1979-07-01,4072.517,1297.0610000000001
1979-08-01,4073.5808333333334,1299.1175
1979-09-01,4074.6446666666666,1301.174
1979-10-01,4075.7085,1303.2305000000001
1979-11-01,4076.7723333333333,1305.287
1979-12-01,4077.836166666667,1307.3435000000002
1980-01-01,4078.9,1309.4
1980-02-01,4080.02,1311.3456666666668
1980-03-01,4081.1400000000003,1313.2913333333333
1980-04-01,4082.26,1315.237
1980-05-01,4083.38,1317.1826666666668
1980-06-01,4084.5,1319.1283333333333
1980-07-01,4085.62,1321.074
1980-08-01,4086.7400000000002,1323.0196666666668
1980-09-01,4087.86,1324.9653333333333
1980-10-01,4088.98,1326.911
1980-11-01,4090.1000000000004,1328.8566666666668
1980-12-01,4091.2200000000003,1330.8023333333333
1981-01-01,4092.34,1332.748
1981-02-01,4093.5669166666667,1335.3375833333334
1981-03-01,4094.7938333333336,1337.9271666666668
1981-04-01,4096.02075,1340.51675
1981-05-01,4097.247666666667,1343.1063333333334
1981-06-01,4098.474583333334,1345.6959166666668
1981-07-01,4099.7015,1348.2855
1981-08-01,4100.928416666667,1350.8750833333334
1981-09-01,4102.155333333333,1353.4646666666667
1981-10-01,4103.382250000001,1356.0542500000001
1981-11-01,4104.609166666667,1358.6438333333335
1981-12-01,4105.836083333334,1361.2334166666667
1982-01-01,4107.063,1363.823
1982-02-01,4108.350333333334,1366.3678333333335
1982-03-01,4109.6376666666665,1368.9126666666668
1982-04-01,4110.925,1371.4575
1982-05-01,4112.212333333334,1374.0023333333334
1982-06-01,4113.499666666667,1376.5471666666667
1982-07-01,4114.787,1379.092
1982-08-01,4116.074333333334,1381.6368333333335
1982-09-01,4117.361666666667,1384.1816666666668
1982-10-01,4118.649,1386.7265000000002
1982-11-01,4119.936333333334,1389.2713333333334
1982-12-01,4121.223666666667,1391.8161666666667
1983-01-01,4122.511,1394.361
1983-02-01,4123.497833333334,1396.2240000000002
1983-03-01,4124.484666666667,1398.087
1983-04-01,4125.471500000001,1399.95
1983-05-01,4126.458333333334,1401.813
1983-06-01,4127.445166666667,1403.6760000000002
1983-07-01,4128.432000000001,1405.5390000000002
1983-08-01,4129.418833333333,1407.402
1983-09-01,4130.405666666667,1409.265
1983-10-01,4131.3925,1411.1280000000002
1983-11-01,4132.379333333333,1412.991
1983-12-01,4133.366166666667,1414.854
1984-01-01,4134.353,1416.717
1984-02-01,4135.310666666666,1418.5206666666668
1984-03-01,4136.268333333333,1420.3243333333335
1984-04-01,4137.226000000001,1422.1280000000002
1984-05-01,4138.183666666667,1423.9316666666668
1984-06-01,4139.141333333333,1425.7353333333335
1984-07-01,4140.099,1427.5390000000002
1984-08-01,4141.056666666667,1429.3426666666667
1984-09-01,4142.0143333333335,1431.1463333333334
1984-10-01,4142.972,1432.95
1984-11-01,4143.929666666667,1434.7536666666667
1984-12-01,4144.887333333334,1436.5573333333334
1985-01-01,4145.845,1438.361
1985-02-01,4146.956833333334,1440.3916666666669
1985-03-01,4148.068666666667,1442.4223333333334
1985-04-01,4149.1805,1444.453
1985-05-01,4150.292333333334,1446.4836666666667
1985-06-01,4151.404166666667,1448.5143333333335
1985-07-01,4152.516,1450.545
1985-08-01,4153.627833333333,1452.5756666666666
1985-09-01,4154.739666666666,1454.6063333333334
1985-10-01,4155.8515,1456.6370000000002
1985-11-01,4156.963333333333,1458.6676666666667
1985-12-01,4158.0751666666665,1460.6983333333333
1986-01-01,4159.187,1462.729
1986-02-01,4160.5481666666665,1464.0449166666667
1986-03-01,4161.909333333333,1465.3608333333334
1986-04-01,4163.2705,1466.67675
1986-05-01,4164.631666666666,1467.9926666666668
1986-06-01,4165.992833333333,1469.3085833333334
1986-07-01,4167.353999999999,1470.6245
1986-08-01,4168.715166666667,1471.9404166666666
1986-09-01,4170.076333333333,1473.2563333333333
1986-10-01,4171.4375,1474.57225
1986-11-01,4172.798666666667,1475.8881666666666
1986-12-01,4174.159833333333,1477.2040833333333
1987-01-01,4175.521,1478.52
1987-02-01,4177.418333333333,1479.50475
1987-03-01,4179.315666666666,1480.4895
1987-04-01,4181.213,1481.47425
1987-05-01,4183.110333333333,1482.459
1987-06-01,4185.007666666666,1483.44375
1987-07-01,4186.905,1484.4285
1987-08-01,4188.802333333333,1485.41325
1987-09-01,4190.699666666666,1486.398
1987-10-01,4192.597,1487.38275
1987-11-01,4194.494333333333,1488.3675
1987-12-01,4196.391666666666,1489.35225
1988-01-01,4198.289,1490.337
1988-02-01,4200.1554166666665,1491.4673333333333
1988-03-01,4202.021833333333,1492.5976666666666
1988-04-01,4203.88825,1493.728
1988-05-01,4205.754666666667,1494.8583333333333
1988-06-01,4207.621083333333,1495.9886666666666
1988-07-01,4209.487499999999,1497.1190000000001
1988-08-01,4211.353916666666,1498.2493333333334
1988-09-01,4213.220333333333,1499.3796666666667
1988-10-01,4215.0867499999995,1500.51
1988-11-01,4216.953166666666,1501.6403333333333
1988-12-01,4218.819583333333,1502.7706666666668
1989-01-01,4220.686,1503.901
1989-02-01,4221.721833333333,1505.237
1989-03-01,4222.757666666666,1506.573
1989-04-01,4223.7935,1507.909
1989-05-01,4224.829333333333,1509.2450000000001
1989-06-01,4225.8651666666665,1510.5810000000001
1989-07-01,4226.901,1511.917
1989-08-01,4227.936833333333,1513.253
1989-09-01,4228.972666666667,1514.589
1989-10-01,4230.0085,1515.925
1989-11-01,4231.044333333333,1517.261
1989-12-01,4232.080166666667,1518.597
1990-01-01,4233.116,1519.933
1990-02-01,4234.508833333333,1522.1981666666666
1990-03-01,4235.901666666667,1524.4633333333334
1990-04-01,4237.2945,1526.7285
1990-05-01,4238.687333333333,1528.9936666666667
1990-06-01,4240.080166666667,1531.2588333333333
1990-07-01,4241.473,1533.524
1990-08-01,4242.865833333333,1535.7891666666667
1990-09-01,4244.258666666667,1538.0543333333333
1990-10-01,4245.6515,1540.3195
1990-11-01,4247.044333333333,1542.5846666666666
1990-12-01,4248.437166666667,1544.8498333333334
1991-01-01,4249.83,1547.115
1991-02-01,4251.813666666667,1549.9179166666668
1991-03-01,4253.797333333333,1552.7208333333333
1991-04-01,4255.781,1555.52375
1991-05-01,4257.764666666667,1558.3266666666666
1991-06-01,4259.748333333333,1561.1295833333334
1991-07-01,4261.732,1563.9325
1991-08-01,4263.715666666667,1566.7354166666667
1991-09-01,4265.699333333333,1569.5383333333334
1991-10-01,4267.683,1572.34125
1991-11-01,4269.666666666667,1575.1441666666667
1991-12-01,4271.650333333333,1577.9470833333332
1992-01-01,4273.634,1580.75
1992-02-01,4275.76175,1583.5989166666666
1992-03-01,4277.8895,1586.4478333333334
1992-04-01,4280.01725,1589.29675
1992-05-01,4282.145,1592.1456666666666
1992-06-01,4284.27275,1594.9945833333334
1992-07-01,4286.4005,1597.8435
1992-08-01,4288.52825,1600.6924166666665
1992-09-01,4290.656,1603.5413333333333
1992-10-01,4292.7837500000005,1606.39025
1992-11-01,4294.9115,1609.2391666666665
1992-12-01,4297.039250000001,1612.0880833333333
1993-01-01,4299.167,1614.937
1993-02-01,4301.3043333333335,1618.1363333333331
1993-03-01,4303.441666666667,1621.3356666666666
1993-04-01,4305.579,1624.5349999999999
1993-05-01,4307.716333333334,1627.7343333333333
1993-06-01,4309.853666666667,1630.9336666666666
1993-07-01,4311.991,1634.1329999999998
1993-08-01,4314.128333333333,1637.3323333333333
1993-09-01,4316.265666666666,1640.5316666666665
1993-10-01,4318.403,1643.731
1993-11-01,4320.540333333333,1646.9303333333332
1993-12-01,4322.6776666666665,1650.1296666666667
1994-01-01,4324.815,1653.329
1994-02-01,4326.78125,1655.753
1994-03-01,4328.7474999999995,1658.177
1994-04-01,4330.71375,1660.6009999999999
1994-05-01,4332.679999999999,1663.0249999999999
1994-06-01,4334.64625,1665.4489999999998
1994-07-01,4336.612499999999,1667.873
1994-08-01,4338.57875,1670.297
1994-09-01,4340.545,1672.721
1994-10-01,4342.51125,1675.145
1994-11-01,4344.4775,1677.569
1994-12-01,4346.443749999999,1679.993
1995-01-01,4348.41,1682.417
1995-02-01,4350.205583333333,1684.3948333333333
1995-03-01,4352.001166666667,1686.3726666666666
1995-04-01,4353.7967499999995,1688.3505
1995-05-01,4355.592333333333,1690.3283333333334
1995-06-01,4357.387916666667,1692.3061666666667
1995-07-01,4359.1835,1694.284
1995-08-01,4360.979083333334,1696.2618333333332
1995-09-01,4362.774666666667,1698.2396666666666
1995-10-01,4364.570250000001,1700.2175
1995-11-01,4366.365833333333,1702.1953333333333
1995-12-01,4368.161416666667,1704.1731666666667
1996-01-01,4369.957,1706.151
1996-02-01,4371.853416666667,1707.5500000000002
1996-03-01,4373.749833333333,1708.949
1996-04-01,4375.64625,1710.348
1996-05-01,4377.542666666667,1711.747
1996-06-01,4379.439083333334,1713.1460000000002
1996-07-01,4381.3355,1714.545
1996-08-01,4383.231916666667,1715.944
1996-09-01,4385.128333333333,1717.343
1996-10-01,4387.0247500000005,1718.7420000000002
1996-11-01,4388.921166666667,1720.141
1996-12-01,4390.8175833333335,1721.54
1997-01-01,4392.714,1722.939
1997-02-01,4394.7877499999995,1723.8220000000001
1997-03-01,4396.8615,1724.7050000000002
1997-04-01,4398.93525,1725.5880000000002
1997-05-01,4401.009,1726.471
1997-06-01,4403.08275,1727.354
1997-07-01,4405.1565,1728.237
1997-08-01,4407.2302500000005,1729.1200000000001
1997-09-01,4409.304,1730.0030000000002
1997-10-01,4411.37775,1730.886
1997-11-01,4413.4515,1731.769
1997-12-01,4415.525250000001,1732.652
1998-01-01,4417.599,1733.535
1998-02-01,4419.909833333333,1734.06075
1998-03-01,4422.220666666667,1734.5865000000001
1998-04-01,4424.5315,1735.1122500000001
1998-05-01,4426.842333333333,1735.6380000000001
1998-06-01,4429.153166666667,1736.1637500000002
1998-07-01,4431.464,1736.6895
1998-08-01,4433.774833333333,1737.21525
1998-09-01,4436.085666666667,1737.741
1998-10-01,4438.3965,1738.26675
1998-11-01,4440.707333333333,1738.7925
1998-12-01,4443.018166666667,1739.31825
1999-01-01,4445.329,1739.844
1999-02-01,4448.093,1746.624
1999-03-01,4450.857,1753.404
1999-04-01,4453.621,1760.184
1999-05-01,4456.385,1766.964
1999-06-01,4459.149,1773.744
1999-07-01,4461.9130000000005,1780.524
1999-08-01,4464.677,1787.304
1999-09-01,4467.441,1794.084
1999-10-01,4470.205,1800.864
1999-11-01,4472.969,1807.644
1999-12-01,4475.733,1814.424
2000-01-01,4478.497,1821.204
2000-02-01,4480.57525,1822.0778333333333
2000-03-01,4482.6535,1822.9516666666666
2000-04-01,4484.73175,1823.8255
2000-05-01,4486.81,1824.6993333333332
2000-06-01,4488.88825,1825.5731666666666
2000-07-01,4490.9665,1826.4470000000001
2000-08-01,4493.04475,1827.3208333333334
2000-09-01,4495.123,1828.1946666666668
2000-10-01,4497.20125,1829.0685
2000-11-01,4499.2795,1829.9423333333334
2000-12-01,4501.35775,1830.8161666666667
2001-01-01,4503.436,1831.69
2001-02-01,4505.155166666666,1833.65825
2001-03-01,4506.874333333333,1835.6265
2001-04-01,4508.5935,1837.59475
2001-05-01,4510.312666666667,1839.563
2001-06-01,4512.031833333333,1841.53125
2001-07-01,4513.751,1843.4995
2001-08-01,4515.470166666666,1845.46775
2001-09-01,4517.189333333333,1847.436
2001-10-01,4518.9085,1849.40425
2001-11-01,4520.627666666666,1851.3725
2001-12-01,4522.346833333333,1853.34075
2002-01-01,4524.066,1855.309
2002-02-01,4526.414833333333,1857.1644166666667
2002-03-01,4528.763666666667,1859.0198333333333
2002-04-01,4531.1125,1860.87525
2002-05-01,4533.461333333334,1862.7306666666666
2002-06-01,4535.810166666667,1864.5860833333334
2002-07-01,4538.159,1866.4415
2002-08-01,4540.507833333333,1868.2969166666667
2002-09-01,4542.856666666667,1870.1523333333334
2002-10-01,4545.2055,1872.00775
2002-11-01,4547.5543333333335,1873.8631666666668
2002-12-01,4549.903166666667,1875.7185833333333
2003-01-01,4552.252,1877.574
2003-02-01,4554.352416666667,1879.7601666666667
2003-03-01,4556.452833333334,1881.9463333333333
2003-04-01,4558.553250000001,1884.1325000000002
2003-05-01,4560.653666666667,1886.3186666666668
2003-06-01,4562.754083333333,1888.5048333333334
2003-07-01,4564.8545,1890.691
2003-08-01,4566.9549166666675,1892.8771666666667
2003-09-01,4569.055333333334,1895.0633333333333
2003-10-01,4571.15575,1897.2495
2003-11-01,4573.256166666667,1899.4356666666667
2003-12-01,4575.356583333334,1901.6218333333334
2004-01-01,4577.457,1903.808
2004-02-01,4579.865833333333,1906.1801666666665
2004-03-01,4582.274666666667,1908.5523333333333
2004-04-01,4584.6835,1910.9245
2004-05-01,4587.092333333334,1913.2966666666666
2004-06-01,4589.501166666667,1915.6688333333332
2004-07-01,4591.91,1918.041
2004-08-01,4594.318833333334,1920.4131666666667
2004-09-01,4596.727666666667,1922.7853333333333
2004-10-01,4599.1365000000005,1925.1574999999998
2004-11-01,4601.5453333333335,1927.5296666666666
2004-12-01,4603.954166666667,1929.9018333333333
2005-01-01,4606.363,1932.274
2005-02-01,4609.184333333334,1934.7625833333332
2005-03-01,4612.005666666667,1937.2511666666664
2005-04-01,4614.827,1939.73975
2005-05-01,4617.6483333333335,1942.2283333333332
2005-06-01,4620.469666666667,1944.7169166666665
2005-07-01,4623.291,1947.2055
2005-08-01,4626.1123333333335,1949.6940833333333
2005-09-01,4628.933666666667,1952.1826666666666
2005-10-01,4631.755,1954.6712499999999
2005-11-01,4634.576333333333,1957.1598333333332
2005-12-01,4637.397666666667,1959.6484166666667
2006-01-01,4640.219,1962.137
2006-02-01,4643.628583333333,1964.4647499999999
2006-03-01,4647.038166666667,1966.7925
2006-04-01,4650.44775,1969.12025
2006-05-01,4653.857333333333,1971.4479999999999
2006-06-01,4657.2669166666665,1973.77575
2006-07-01,4660.6765,1976.1035
2006-08-01,4664.086083333334,1978.4312499999999
2006-09-01,4667.495666666667,1980.759
2006-10-01,4670.90525,1983.08675
2006-11-01,4674.314833333334,1985.4144999999999
2006-12-01,4677.724416666667,1987.74225
2007-01-01,4681.134,1990.07
2007-02-01,4685.80375,1991.786
2007-03-01,4690.4735,1993.502
2007-04-01,4695.14325,1995.2179999999998
2007-05-01,4699.813,1996.934
2007-06-01,4704.48275,1998.65
2007-07-01,4709.1525,2000.366
2007-08-01,4713.82225,2002.0819999999999
2007-09-01,4718.492,2003.798
2007-10-01,4723.16175,2005.5140000000001
2007-11-01,4727.8315,2007.23
2007-12-01,4732.50125,2008.946
2008-01-01,4737.171,2010.662
2008-02-01,4742.344416666667,2012.8403333333333
2008-03-01,4747.517833333333,2015.0186666666666
2008-04-01,4752.69125,2017.1970000000001
2008-05-01,4757.864666666667,2019.3753333333334
2008-06-01,4763.038083333334,2021.5536666666667
2008-07-01,4768.2115,2023.732
2008-08-01,4773.384916666667,2025.9103333333333
2008-09-01,4778.558333333333,2028.0886666666665
2008-10-01,4783.731750000001,2030.2669999999998
2008-11-01,4788.905166666667,2032.4453333333333
2008-12-01,4794.078583333334,2034.6236666666666
2009-01-01,4799.252,2036.802
2009-02-01,4804.164250000001,2039.1196666666665
2009-03-01,4809.0765,2041.4373333333333
2009-04-01,4813.98875,2043.7549999999999
2009-05-01,4818.901,2046.0726666666667
2009-06-01,4823.81325,2048.3903333333333
2009-07-01,4828.7255000000005,2050.708
2009-08-01,4833.63775,2053.0256666666664
2009-09-01,4838.55,2055.3433333333332
2009-10-01,4843.46225,2057.661
2009-11-01,4848.3745,2059.978666666667
2009-12-01,4853.286749999999,2062.296333333333
2010-01-01,4858.199,2064.614
2010-02-01,4863.3745,2065.9550833333333
2010-03-01,4868.549999999999,2067.2961666666665
2010-04-01,4873.7255,2068.6372499999998
2010-05-01,4878.901,2069.9783333333335
2010-06-01,4884.0765,2071.3194166666667
2010-07-01,4889.252,2072.6605
2010-08-01,4894.4275,2074.001583333333
2010-09-01,4899.603,2075.3426666666664
2010-10-01,4904.7785,2076.68375
2010-11-01,4909.954,2078.0248333333334
2010-12-01,4915.1295,2079.3659166666666
2011-01-01,4920.305,2080.707
2011-02-01,4925.76875,2081.2909999999997
2011-03-01,4931.2325,2081.875
2011-04-01,4936.69625,2082.459
2011-05-01,4942.16,2083.043
2011-06-01,4947.62375,2083.627
2011-07-01,4953.0875,2084.2110000000002
2011-08-01,4958.55125,2084.795
2011-09-01,4964.015,2085.379
2011-10-01,4969.47875,2085.963
2011-11-01,4974.9425,2086.547
2011-12-01,4980.40625,2087.1310000000003
2012-01-01,4985.87,2087.715
2012-02-01,4991.3204166666665,2088.1415
2012-03-01,4996.770833333333,2088.568
2012-04-01,5002.22125,2088.9945000000002
2012-05-01,5007.671666666666,2089.4210000000003
2012-06-01,5013.122083333333,2089.8475000000003
2012-07-01,5018.5725,2090.2740000000003
2012-08-01,5024.022916666667,2090.7005
2012-09-01,5029.473333333333,2091.127
2012-10-01,5034.92375,2091.5535
2012-11-01,5040.3741666666665,2091.98
2012-12-01,5045.824583333333,2092.4065
2013-01-01,5051.275,2092.833
2013-02-01,5056.090083333333,2092.6165833333334
2013-03-01,5060.905166666666,2092.400166666667
2013-04-01,5065.720249999999,2092.18375
2013-05-01,5070.535333333333,2091.9673333333335
2013-06-01,5075.350416666666,2091.750916666667
2013-07-01,5080.165499999999,2091.5344999999998
2013-08-01,5084.980583333333,2091.318083333333
2013-09-01,5089.795666666666,2091.1016666666665
2013-10-01,5094.61075,2090.88525
2013-11-01,5099.425833333333,2090.668833333333
2013-12-01,5104.240916666667,2090.4524166666665
2014-01-01,5109.056,2090.236
2014-02-01,5113.784833333333,2090.22225
2014-03-01,5118.513666666666,2090.2084999999997
2014-04-01,5123.242499999999,2090.1947499999997
2014-05-01,5127.971333333333,2090.181
2014-06-01,5132.7001666666665,2090.16725
2014-07-01,5137.429,2090.1535
2014-08-01,5142.157833333333,2090.13975
2014-09-01,5146.886666666666,2090.1259999999997
2014-10-01,5151.6155,2090.11225
2014-11-01,5156.3443333333325,2090.0985
2014-12-01,5161.073166666666,2090.08475
2015-01-01,5165.802,2090.071
2015-02-01,5169.81725,2090.278
2015-03-01,5173.8324999999995,2090.4849999999997
2015-04-01,5177.84775,2090.692
2015-05-01,5181.862999999999,2090.899
2015-06-01,5185.87825,2091.1059999999998
2015-07-01,5189.8935,2091.313
2015-08-01,5193.90875,2091.52
2015-09-01,5197.924,2091.727
2015-10-01,5201.939249999999,2091.9339999999997
2015-11-01,5205.9545,2092.1409999999996
2015-12-01,5209.969749999999,2092.348
2016-01-01,5213.985,2092.555
2016-02-01,5217.6793333333335,2092.579083333333
2016-03-01,5221.373666666666,2092.6031666666668
2016-04-01,5225.067999999999,2092.62725
2016-05-01,5228.762333333333,2092.6513333333332
2016-06-01,5232.456666666667,2092.6754166666665
2016-07-01,5236.151,2092.6994999999997
2016-08-01,5239.845333333333,2092.7235833333334
2016-09-01,5243.539666666667,2092.7476666666666
2016-10-01,5247.234,2092.77175
2016-11-01,5250.928333333333,2092.7958333333336
2016-12-01,5254.622666666666,2092.819916666667
2017-01-01,5258.317,2092.844
2017-02-01,5261.4255,2092.9198333333334
2017-03-01,5264.534,2092.9956666666667
2017-04-01,5267.6425,2093.0715
2017-05-01,5270.751,2093.1473333333333
2017-06-01,5273.8595,2093.2231666666667
2017-07-01,5276.968,2093.299
2017-08-01,5280.0765,2093.3748333333333
2017-09-01,5283.1849999999995,2093.4506666666666
2017-10-01,5286.2935,2093.5265
2017-11-01,5289.402,2093.6023333333333
2017-12-01,5292.510499999999,2093.6781666666666
2018-01-01,5295.619,2093.754
2018-02-01,5298.335083333333,2094.2439999999997
2018-03-01,5301.051166666666,2094.734
2018-04-01,5303.76725,2095.224
2018-05-01,5306.483333333334,2095.714
2018-06-01,5309.199416666666,2096.2039999999997
2018-07-01,5311.9155,2096.694
2018-08-01,5314.631583333334,2097.184
2018-09-01,5317.347666666667,2097.674
2018-10-01,5320.06375,2098.1639999999998
2018-11-01,5322.779833333334,2098.654
2018-12-01,5325.495916666667,2099.1440000000002
2019-01-01,5328.212,2099.634
2019-02-01,5331.492666666667,2101.197
2019-03-01,5334.7733333333335,2102.76
2019-04-01,5338.054,2104.323
2019-05-01,5341.334666666667,2105.886
2019-06-01,5344.615333333333,2107.449
2019-07-01,5347.896000000001,2109.0119999999997
2019-08-01,5351.176666666667,2110.575
2019-09-01,5354.457333333334,2112.138
2019-10-01,5357.738,2113.701
2019-11-01,5361.018666666667,2115.264
2019-12-01,5364.299333333333,2116.8269999999998
2020-01-01,5367.58,2118.39
2020-02-01,5369.562416666667,2118.24725
2020-03-01,5371.544833333333,2118.1045
2020-04-01,5373.52725,2117.96175
2020-05-01,5375.509666666667,2117.819
2020-06-01,5377.4920833333335,2117.67625
2020-07-01,5379.4745,2117.5335
2020-08-01,5381.456916666666,2117.39075
2020-09-01,5383.439333333333,2117.248
2020-10-01,5385.4217499999995,2117.10525
2020-11-01,5387.404166666666,2116.9625
2020-12-01,5389.386583333333,2116.81975
2021-01-01,5391.369,2116.677
2021-02-01,5394.194083333333,2116.39925
2021-03-01,5397.019166666667,2116.1215
2021-04-01,5399.84425,2115.84375
2021-05-01,5402.669333333333,2115.5660000000003
2021-06-01,5405.494416666666,2115.28825
2021-07-01,5408.3195,2115.0105000000003
2021-08-01,5411.144583333334,2114.73275
2021-09-01,5413.969666666667,2114.455
2021-10-01,5416.79475,2114.17725
2021-11-01,5419.619833333334,2113.8995
2021-12-01,5422.444916666667,2113.6217500000002
2022-01-01,5425.27,2113.344
2022-02-01,5430.579500000001,2113.5597567716095
2022-03-01,5435.889,2113.775513543219
2022-04-01,5441.1985,2113.991270314828
2022-05-01,5446.508000000001,2114.2070270864374
2022-06-01,5451.8175,2114.422783858047
2022-07-01,5457.127,2114.638540629656
2022-08-01,5462.436500000001,2114.8542974012653
2022-09-01,5467.746,2115.0700541728747
2022-10-01,5473.0555,2115.285810944484
2022-11-01,5478.365000000001,2115.5015677160936
2022-12-01,5483.6745,2115.7173244877026
2023-01-01,5488.984,2115.933081259312
2023-02-01,5492.802356482967,2116.1491023569442
2023-03-01,5496.620712965935,2116.365123454576
2023-04-01,5500.439069448903,2116.581144552208
2023-05-01,5504.25742593187,2116.79716564984
2023-06-01,5508.075782414837,2117.013186747472
2023-07-01,5511.894138897805,2117.2292078451037
2023-08-01,5515.712495380772,2117.445228942736
2023-09-01,5519.530851863739,2117.661250040368
2023-10-01,5523.349208346706,2117.8772711379997
2023-11-01,5527.167564829674,2118.093292235632
2023-12-01,5530.985921312642,2118.3093133332636
2024-01-01,5534.804277795609,2118.525334430896
